run_id,overall_pass
RUN-000000,1
RUN-000001,1
RUN-000002,1
RUN-000003,1
RUN-000004,1
RUN-000005,1
RUN-000006,1
RUN-000007,1
RUN-000008,1
RUN-000009,1
RUN-000010,1
RUN-000011,1
RUN-000012,1
RUN-000013,0
RUN-000014,1
RUN-000015,1
RUN-000016,1
RUN-000017,1
RUN-000018,1
RUN-000019,1
RUN-000020,1
RUN-000021,1
RUN-000022,1
RUN-000023,1
RUN-000024,1
RUN-000025,1
RUN-000026,1
RUN-000027,0
RUN-000028,1
RUN-000029,1
RUN-000030,0
RUN-000031,1
RUN-000032,1
RUN-000033,1
RUN-000034,0
RUN-000035,1
RUN-000036,1
RUN-000037,1
RUN-000038,1
RUN-000039,1
RUN-000040,1
RUN-000041,1
RUN-000042,1
RUN-000043,1
RUN-000044,1
RUN-000045,1
RUN-000046,1
RUN-000047,1
RUN-000048,1
RUN-000049,1
RUN-000050,1
RUN-000051,1
RUN-000052,1
RUN-000053,0
RUN-000054,1
RUN-000055,1
RUN-000056,1
RUN-000057,1
RUN-000058,1
RUN-000059,1
RUN-000060,1
RUN-000061,1
RUN-000062,1
RUN-000063,1
RUN-000064,1
RUN-000065,1
RUN-000066,1
RUN-000067,0
RUN-000068,1
RUN-000069,1
RUN-000070,1
RUN-000071,1
RUN-000072,1
RUN-000073,1
RUN-000074,1
RUN-000075,0
RUN-000076,1
RUN-000077,1
RUN-000078,1
RUN-000079,1
RUN-000080,1
RUN-000081,1
RUN-000082,1
RUN-000083,1
RUN-000084,1
RUN-000085,1
RUN-000086,1
RUN-000087,1
RUN-000088,0
RUN-000089,1
RUN-000090,1
RUN-000091,1
RUN-000092,1
RUN-000093,1
RUN-000094,1
RUN-000095,1
RUN-000096,1
RUN-000097,1
RUN-000098,1
RUN-000099,1
RUN-000100,1
RUN-000101,1
RUN-000102,1
RUN-000103,0
RUN-000104,1
RUN-000105,1
RUN-000106,0
RUN-000107,1
RUN-000108,1
RUN-000109,1
RUN-000110,1
RUN-000111,1
RUN-000112,1
RUN-000113,1
RUN-000114,1
RUN-000115,1
RUN-000116,1
RUN-000117,1
RUN-000118,1
RUN-000119,1
RUN-000120,1
RUN-000121,1
RUN-000122,1
RUN-000123,1
RUN-000124,1
RUN-000125,1
RUN-000126,1
RUN-000127,1
RUN-000128,1
RUN-000129,1
RUN-000130,1
RUN-000131,1
RUN-000132,1
RUN-000133,1
RUN-000134,1
RUN-000135,1
RUN-000136,1
RUN-000137,1
RUN-000138,1
RUN-000139,1
RUN-000140,1
RUN-000141,1
RUN-000142,1
RUN-000143,1
RUN-000144,1
RUN-000145,1
RUN-000146,1
RUN-000147,1
RUN-000148,1
RUN-000149,1
RUN-000150,1
RUN-000151,1
RUN-000152,1
RUN-000153,1
RUN-000154,1
RUN-000155,1
RUN-000156,1
RUN-000157,1
RUN-000158,1
RUN-000159,1
RUN-000160,1
RUN-000161,1
RUN-000162,1
RUN-000163,1
RUN-000164,1
RUN-000165,1
RUN-000166,1
RUN-000167,1
RUN-000168,1
RUN-000169,1
RUN-000170,1
RUN-000171,1
RUN-000172,1
RUN-000173,1
RUN-000174,1
RUN-000175,1
RUN-000176,1
RUN-000177,1
RUN-000178,1
RUN-000179,1
RUN-000180,1
RUN-000181,1
RUN-000182,1
RUN-000183,1
RUN-000184,1
RUN-000185,1
RUN-000186,1
RUN-000187,0
RUN-000188,1
RUN-000189,1
RUN-000190,1
RUN-000191,1
RUN-000192,1
RUN-000193,1
RUN-000194,1
RUN-000195,1
RUN-000196,1
RUN-000197,1
RUN-000198,1
RUN-000199,1
RUN-000200,1
RUN-000201,1
RUN-000202,1
RUN-000203,1
RUN-000204,1
RUN-000205,1
RUN-000206,1
RUN-000207,1
RUN-000208,1
RUN-000209,1
RUN-000210,1
RUN-000211,1
RUN-000212,1
RUN-000213,1
RUN-000214,1
RUN-000215,1
RUN-000216,1
RUN-000217,1
RUN-000218,1
RUN-000219,1
RUN-000220,1
RUN-000221,1
RUN-000222,1
RUN-000223,1
RUN-000224,1
RUN-000225,1
RUN-000226,1
RUN-000227,1
RUN-000228,1
RUN-000229,1
RUN-000230,1
RUN-000231,1
RUN-000232,1
RUN-000233,1
RUN-000234,1
RUN-000235,1
RUN-000236,1
RUN-000237,1
RUN-000238,1
RUN-000239,0
RUN-000240,1
RUN-000241,1
RUN-000242,1
RUN-000243,1
RUN-000244,1
RUN-000245,1
RUN-000246,1
RUN-000247,1
RUN-000248,1
RUN-000249,1
RUN-000250,1
RUN-000251,1
RUN-000252,1
RUN-000253,1
RUN-000254,1
RUN-000255,1
RUN-000256,1
RUN-000257,1
RUN-000258,1
RUN-000259,1
RUN-000260,1
RUN-000261,1
RUN-000262,1
RUN-000263,1
RUN-000264,1
RUN-000265,1
RUN-000266,1
RUN-000267,1
RUN-000268,1
RUN-000269,1
RUN-000270,1
RUN-000271,1
RUN-000272,1
RUN-000273,1
RUN-000274,1
RUN-000275,1
RUN-000276,1
RUN-000277,1
RUN-000278,1
RUN-000279,1
RUN-000280,1
RUN-000281,1
RUN-000282,1
RUN-000283,1
RUN-000284,1
RUN-000285,1
RUN-000286,1
RUN-000287,1
RUN-000288,1
RUN-000289,1
RUN-000290,1
RUN-000291,1
RUN-000292,1
RUN-000293,1
RUN-000294,1
RUN-000295,1
RUN-000296,1
RUN-000297,1
RUN-000298,1
RUN-000299,1
RUN-000300,1
RUN-000301,1
RUN-000302,1
RUN-000303,1
RUN-000304,1
RUN-000305,1
RUN-000306,1
RUN-000307,1
RUN-000308,1
RUN-000309,1
RUN-000310,1
RUN-000311,1
RUN-000312,1
RUN-000313,1
RUN-000314,1
RUN-000315,1
RUN-000316,1
RUN-000317,1
RUN-000318,1
RUN-000319,1
RUN-000320,1
RUN-000321,1
RUN-000322,1
RUN-000323,1
RUN-000324,0
RUN-000325,1
RUN-000326,1
RUN-000327,1
RUN-000328,1
RUN-000329,1
RUN-000330,1
RUN-000331,1
RUN-000332,1
RUN-000333,1
RUN-000334,1
RUN-000335,1
RUN-000336,1
RUN-000337,1
RUN-000338,1
RUN-000339,1
RUN-000340,1
RUN-000341,1
RUN-000342,1
RUN-000343,1
RUN-000344,1
RUN-000345,1
RUN-000346,1
RUN-000347,1
RUN-000348,1
RUN-000349,1
RUN-000350,1
RUN-000351,1
RUN-000352,1
RUN-000353,1
RUN-000354,1
RUN-000355,1
RUN-000356,1
RUN-000357,1
RUN-000358,1
RUN-000359,1
RUN-000360,1
RUN-000361,1
RUN-000362,1
RUN-000363,1
RUN-000364,1
RUN-000365,1
RUN-000366,1
RUN-000367,1
RUN-000368,1
RUN-000369,1
RUN-000370,1
RUN-000371,1
RUN-000372,1
RUN-000373,1
RUN-000374,1
RUN-000375,1
RUN-000376,1
RUN-000377,1
RUN-000378,1
RUN-000379,1
RUN-000380,1
RUN-000381,1
RUN-000382,1
RUN-000383,1
RUN-000384,1
RUN-000385,1
RUN-000386,1
RUN-000387,1
RUN-000388,1
RUN-000389,1
RUN-000390,1
RUN-000391,1
RUN-000392,1
RUN-000393,1
RUN-000394,1
RUN-000395,1
RUN-000396,1
RUN-000397,1
RUN-000398,1
RUN-000399,1
RUN-000400,1
RUN-000401,1
RUN-000402,1
RUN-000403,1
RUN-000404,1
RUN-000405,1
RUN-000406,1
RUN-000407,1
RUN-000408,1
RUN-000409,1
RUN-000410,1
RUN-000411,1
RUN-000412,1
RUN-000413,1
RUN-000414,1
RUN-000415,1
RUN-000416,1
RUN-000417,1
RUN-000418,1
RUN-000419,1
RUN-000420,1
RUN-000421,1
RUN-000422,1
RUN-000423,1
RUN-000424,1
RUN-000425,1
RUN-000426,1
RUN-000427,1
RUN-000428,1
RUN-000429,1
RUN-000430,0
RUN-000431,1
RUN-000432,1
RUN-000433,1
RUN-000434,1
RUN-000435,1
RUN-000436,1
RUN-000437,0
RUN-000438,1
RUN-000439,0
RUN-000440,1
RUN-000441,1
RUN-000442,1
RUN-000443,1
RUN-000444,1
RUN-000445,1
RUN-000446,1
RUN-000447,1
RUN-000448,1
RUN-000449,1
RUN-000450,1
RUN-000451,1
RUN-000452,1
RUN-000453,1
RUN-000454,1
RUN-000455,1
RUN-000456,1
RUN-000457,1
RUN-000458,1
RUN-000459,1
RUN-000460,1
RUN-000461,1
RUN-000462,1
RUN-000463,1
RUN-000464,1
RUN-000465,1
RUN-000466,1
RUN-000467,1
RUN-000468,1
RUN-000469,1
RUN-000470,1
RUN-000471,1
RUN-000472,1
RUN-000473,1
RUN-000474,1
RUN-000475,1
RUN-000476,1
RUN-000477,1
RUN-000478,1
RUN-000479,1
RUN-000480,1
RUN-000481,1
RUN-000482,1
RUN-000483,1
RUN-000484,1
RUN-000485,1
RUN-000486,1
RUN-000487,1
RUN-000488,1
RUN-000489,1
RUN-000490,1
RUN-000491,1
RUN-000492,1
RUN-000493,1
RUN-000494,1
RUN-000495,1
RUN-000496,1
RUN-000497,1
RUN-000498,1
RUN-000499,1
RUN-000500,1
RUN-000501,1
RUN-000502,1
RUN-000503,1
RUN-000504,1
RUN-000505,1
RUN-000506,1
RUN-000507,1
RUN-000508,1
RUN-000509,1
RUN-000510,1
RUN-000511,1
RUN-000512,1
RUN-000513,1
RUN-000514,1
RUN-000515,1
RUN-000516,1
RUN-000517,1
RUN-000518,1
RUN-000519,1
RUN-000520,1
RUN-000521,1
RUN-000522,1
RUN-000523,1
RUN-000524,1
RUN-000525,1
RUN-000526,1
RUN-000527,1
RUN-000528,1
RUN-000529,1
RUN-000530,1
RUN-000531,1
RUN-000532,1
RUN-000533,1
RUN-000534,1
RUN-000535,1
RUN-000536,1
RUN-000537,1
RUN-000538,1
RUN-000539,1
RUN-000540,1
RUN-000541,1
RUN-000542,1
RUN-000543,1
RUN-000544,1
RUN-000545,1
RUN-000546,1
RUN-000547,1
RUN-000548,1
RUN-000549,1
RUN-000550,1
RUN-000551,1
RUN-000552,1
RUN-000553,1
RUN-000554,1
RUN-000555,1
RUN-000556,1
RUN-000557,1
RUN-000558,1
RUN-000559,1
RUN-000560,1
RUN-000561,1
RUN-000562,1
RUN-000563,1
RUN-000564,1
RUN-000565,1
RUN-000566,1
RUN-000567,1
RUN-000568,1
RUN-000569,1
RUN-000570,1
RUN-000571,1
RUN-000572,1
RUN-000573,1
RUN-000574,1
RUN-000575,1
RUN-000576,1
RUN-000577,1
RUN-000578,1
RUN-000579,1
RUN-000580,1
RUN-000581,1
RUN-000582,1
RUN-000583,1
RUN-000584,1
RUN-000585,1
RUN-000586,1
RUN-000587,1
RUN-000588,1
RUN-000589,1
RUN-000590,1
RUN-000591,1
RUN-000592,1
RUN-000593,1
RUN-000594,1
RUN-000595,1
RUN-000596,1
RUN-000597,1
RUN-000598,1
RUN-000599,1
RUN-000600,1
RUN-000601,1
RUN-000602,1
RUN-000603,1
RUN-000604,1
RUN-000605,1
RUN-000606,1
RUN-000607,1
RUN-000608,1
RUN-000609,1
RUN-000610,1
RUN-000611,1
RUN-000612,1
RUN-000613,1
RUN-000614,1
RUN-000615,1
RUN-000616,1
RUN-000617,1
RUN-000618,1
RUN-000619,1
RUN-000620,1
RUN-000621,1
RUN-000622,1
RUN-000623,1
RUN-000624,0
RUN-000625,1
RUN-000626,1
RUN-000627,1
RUN-000628,1
RUN-000629,1
RUN-000630,0
RUN-000631,1
RUN-000632,1
RUN-000633,1
RUN-000634,1
RUN-000635,1
RUN-000636,1
RUN-000637,1
RUN-000638,1
RUN-000639,1
RUN-000640,1
RUN-000641,1
RUN-000642,1
RUN-000643,1
RUN-000644,1
RUN-000645,1
RUN-000646,1
RUN-000647,1
RUN-000648,1
RUN-000649,1
RUN-000650,1
RUN-000651,1
RUN-000652,1
RUN-000653,1
RUN-000654,1
RUN-000655,1
RUN-000656,1
RUN-000657,1
RUN-000658,1
RUN-000659,1
RUN-000660,1
RUN-000661,1
RUN-000662,1
RUN-000663,1
RUN-000664,1
RUN-000665,1
RUN-000666,1
RUN-000667,1
RUN-000668,1
RUN-000669,1
RUN-000670,1
RUN-000671,1
RUN-000672,1
RUN-000673,1
RUN-000674,1
RUN-000675,1
RUN-000676,1
RUN-000677,1
RUN-000678,1
RUN-000679,1
RUN-000680,1
RUN-000681,1
RUN-000682,1
RUN-000683,1
RUN-000684,1
RUN-000685,1
RUN-000686,1
RUN-000687,1
RUN-000688,1
RUN-000689,1
RUN-000690,1
RUN-000691,1
RUN-000692,1
RUN-000693,1
RUN-000694,1
RUN-000695,1
RUN-000696,1
RUN-000697,1
RUN-000698,1
RUN-000699,1
RUN-000700,1
RUN-000701,1
RUN-000702,1
RUN-000703,1
RUN-000704,1
RUN-000705,1
RUN-000706,1
RUN-000707,1
RUN-000708,1
RUN-000709,1
RUN-000710,1
RUN-000711,1
RUN-000712,0
RUN-000713,0
RUN-000714,1
RUN-000715,0
RUN-000716,1
RUN-000717,1
RUN-000718,1
RUN-000719,1
RUN-000720,1
RUN-000721,1
RUN-000722,1
RUN-000723,0
RUN-000724,1
RUN-000725,1
RUN-000726,1
RUN-000727,1
RUN-000728,1
RUN-000729,1
RUN-000730,1
RUN-000731,1
RUN-000732,1
RUN-000733,1
RUN-000734,1
RUN-000735,1
RUN-000736,1
RUN-000737,1
RUN-000738,1
RUN-000739,1
RUN-000740,1
RUN-000741,1
RUN-000742,1
RUN-000743,1
RUN-000744,0
RUN-000745,1
RUN-000746,1
RUN-000747,1
RUN-000748,1
RUN-000749,0
RUN-000750,1
RUN-000751,1
RUN-000752,1
RUN-000753,1
RUN-000754,1
RUN-000755,1
RUN-000756,1
RUN-000757,0
RUN-000758,1
RUN-000759,1
RUN-000760,1
RUN-000761,1
RUN-000762,1
RUN-000763,1
RUN-000764,1
RUN-000765,1
RUN-000766,1
RUN-000767,1
RUN-000768,1
RUN-000769,1
RUN-000770,1
RUN-000771,1
RUN-000772,1
RUN-000773,1
RUN-000774,1
RUN-000775,1
RUN-000776,1
RUN-000777,1
RUN-000778,1
RUN-000779,1
RUN-000780,1
RUN-000781,1
RUN-000782,1
RUN-000783,1
RUN-000784,1
RUN-000785,1
RUN-000786,1
RUN-000787,0
RUN-000788,1
RUN-000789,1
RUN-000790,1
RUN-000791,1
RUN-000792,1
RUN-000793,1
RUN-000794,0
RUN-000795,1
RUN-000796,1
RUN-000797,1
RUN-000798,1
RUN-000799,1
RUN-000800,1
RUN-000801,1
RUN-000802,1
RUN-000803,1
RUN-000804,1
RUN-000805,1
RUN-000806,1
RUN-000807,1
RUN-000808,1
RUN-000809,1
RUN-000810,1
RUN-000811,1
RUN-000812,1
RUN-000813,1
RUN-000814,1
RUN-000815,1
RUN-000816,1
RUN-000817,1
RUN-000818,1
RUN-000819,1
RUN-000820,1
RUN-000821,1
RUN-000822,1
RUN-000823,1
RUN-000824,1
RUN-000825,1
RUN-000826,1
RUN-000827,1
RUN-000828,1
RUN-000829,1
RUN-000830,1
RUN-000831,1
RUN-000832,1
RUN-000833,1
RUN-000834,1
RUN-000835,1
RUN-000836,1
RUN-000837,1
RUN-000838,1
RUN-000839,1
RUN-000840,1
RUN-000841,1
RUN-000842,1
RUN-000843,1
RUN-000844,1
RUN-000845,1
RUN-000846,1
RUN-000847,1
RUN-000848,1
RUN-000849,1
RUN-000850,1
RUN-000851,1
RUN-000852,1
RUN-000853,1
RUN-000854,1
RUN-000855,1
RUN-000856,1
RUN-000857,1
RUN-000858,1
RUN-000859,1
RUN-000860,1
RUN-000861,1
RUN-000862,1
RUN-000863,1
RUN-000864,1
RUN-000865,1
RUN-000866,1
RUN-000867,1
RUN-000868,1
RUN-000869,0
RUN-000870,0
RUN-000871,1
RUN-000872,1
RUN-000873,1
RUN-000874,1
RUN-000875,1
RUN-000876,1
RUN-000877,1
RUN-000878,1
RUN-000879,1
RUN-000880,1
RUN-000881,1
RUN-000882,1
RUN-000883,1
RUN-000884,1
RUN-000885,1
RUN-000886,1
RUN-000887,1
RUN-000888,1
RUN-000889,1
RUN-000890,1
RUN-000891,1
RUN-000892,1
RUN-000893,1
RUN-000894,1
RUN-000895,1
RUN-000896,1
RUN-000897,1
RUN-000898,1
RUN-000899,1
RUN-000900,1
RUN-000901,1
RUN-000902,1
RUN-000903,1
RUN-000904,1
RUN-000905,1
RUN-000906,1
RUN-000907,1
RUN-000908,1
RUN-000909,0
RUN-000910,1
RUN-000911,1
RUN-000912,1
RUN-000913,1
RUN-000914,1
RUN-000915,1
RUN-000916,1
RUN-000917,1
RUN-000918,1
RUN-000919,1
RUN-000920,1
RUN-000921,1
RUN-000922,1
RUN-000923,1
RUN-000924,1
RUN-000925,1
RUN-000926,1
RUN-000927,1
RUN-000928,1
RUN-000929,1
RUN-000930,1
RUN-000931,1
RUN-000932,1
RUN-000933,1
RUN-000934,1
RUN-000935,1
RUN-000936,1
RUN-000937,1
RUN-000938,1
RUN-000939,1
RUN-000940,1
RUN-000941,1
RUN-000942,1
RUN-000943,1
RUN-000944,1
RUN-000945,1
RUN-000946,1
RUN-000947,1
RUN-000948,1
RUN-000949,1
RUN-000950,1
RUN-000951,1
RUN-000952,1
RUN-000953,1
RUN-000954,1
RUN-000955,1
RUN-000956,1
RUN-000957,1
RUN-000958,1
RUN-000959,1
RUN-000960,1
RUN-000961,1
RUN-000962,1
RUN-000963,1
RUN-000964,1
RUN-000965,1
RUN-000966,1
RUN-000967,1
RUN-000968,1
RUN-000969,1
RUN-000970,1
RUN-000971,1
RUN-000972,1
RUN-000973,1
RUN-000974,1
RUN-000975,1
RUN-000976,1
RUN-000977,1
RUN-000978,1
RUN-000979,1
RUN-000980,1
RUN-000981,1
RUN-000982,1
RUN-000983,1
RUN-000984,1
RUN-000985,1
RUN-000986,1
RUN-000987,1
RUN-000988,1
RUN-000989,1
RUN-000990,1
RUN-000991,1
RUN-000992,1
RUN-000993,1
RUN-000994,1
RUN-000995,1
RUN-000996,1
RUN-000997,1
RUN-000998,0
RUN-000999,1
RUN-001000,1
RUN-001001,0
RUN-001002,1
RUN-001003,1
RUN-001004,1
RUN-001005,1
RUN-001006,1
RUN-001007,1
RUN-001008,1
RUN-001009,1
RUN-001010,1
RUN-001011,1
RUN-001012,1
RUN-001013,1
RUN-001014,1
RUN-001015,1
RUN-001016,1
RUN-001017,1
RUN-001018,1
RUN-001019,1
RUN-001020,1
RUN-001021,1
RUN-001022,1
RUN-001023,1
RUN-001024,1
RUN-001025,1
RUN-001026,1
RUN-001027,1
RUN-001028,1
RUN-001029,1
RUN-001030,1
RUN-001031,1
RUN-001032,1
RUN-001033,1
RUN-001034,1
RUN-001035,1
RUN-001036,1
RUN-001037,1
RUN-001038,1
RUN-001039,1
RUN-001040,1
RUN-001041,1
RUN-001042,1
RUN-001043,1
RUN-001044,1
RUN-001045,1
RUN-001046,1
RUN-001047,1
RUN-001048,1
RUN-001049,1
RUN-001050,1
RUN-001051,1
RUN-001052,1
RUN-001053,1
RUN-001054,1
RUN-001055,1
RUN-001056,1
RUN-001057,1
RUN-001058,1
RUN-001059,1
RUN-001060,1
RUN-001061,1
RUN-001062,1
RUN-001063,1
RUN-001064,1
RUN-001065,1
RUN-001066,1
RUN-001067,1
RUN-001068,1
RUN-001069,1
RUN-001070,1
RUN-001071,1
RUN-001072,1
RUN-001073,1
RUN-001074,1
RUN-001075,1
RUN-001076,1
RUN-001077,1
RUN-001078,1
RUN-001079,1
RUN-001080,1
RUN-001081,1
RUN-001082,1
RUN-001083,1
RUN-001084,1
RUN-001085,1
RUN-001086,1
RUN-001087,1
RUN-001088,1
RUN-001089,1
RUN-001090,1
RUN-001091,1
RUN-001092,1
RUN-001093,1
RUN-001094,1
RUN-001095,1
RUN-001096,1
RUN-001097,1
RUN-001098,1
RUN-001099,1
RUN-001100,1
RUN-001101,1
RUN-001102,1
RUN-001103,1
RUN-001104,1
RUN-001105,1
RUN-001106,1
RUN-001107,1
RUN-001108,1
RUN-001109,1
RUN-001110,1
RUN-001111,1
RUN-001112,1
RUN-001113,1
RUN-001114,1
RUN-001115,1
RUN-001116,1
RUN-001117,1
RUN-001118,1
RUN-001119,1
RUN-001120,1
RUN-001121,1
RUN-001122,1
RUN-001123,1
RUN-001124,1
RUN-001125,1
RUN-001126,1
RUN-001127,1
RUN-001128,1
RUN-001129,1
RUN-001130,1
RUN-001131,1
RUN-001132,1
RUN-001133,1
RUN-001134,1
RUN-001135,1
RUN-001136,1
RUN-001137,1
RUN-001138,1
RUN-001139,1
RUN-001140,1
RUN-001141,1
RUN-001142,1
RUN-001143,1
RUN-001144,1
RUN-001145,0
RUN-001146,1
RUN-001147,1
RUN-001148,1
RUN-001149,1
RUN-001150,1
RUN-001151,1
RUN-001152,1
RUN-001153,0
RUN-001154,1
RUN-001155,1
RUN-001156,1
RUN-001157,1
RUN-001158,1
RUN-001159,1
RUN-001160,1
RUN-001161,1
RUN-001162,1
RUN-001163,1
RUN-001164,1
RUN-001165,1
RUN-001166,1
RUN-001167,1
RUN-001168,1
RUN-001169,1
RUN-001170,1
RUN-001171,1
RUN-001172,1
RUN-001173,1
RUN-001174,1
RUN-001175,1
RUN-001176,1
RUN-001177,0
RUN-001178,1
RUN-001179,1
RUN-001180,1
RUN-001181,1
RUN-001182,1
RUN-001183,0
RUN-001184,1
RUN-001185,1
RUN-001186,1
RUN-001187,1
RUN-001188,1
RUN-001189,1
RUN-001190,1
RUN-001191,1
RUN-001192,1
RUN-001193,1
RUN-001194,1
RUN-001195,1
RUN-001196,1
RUN-001197,1
RUN-001198,1
RUN-001199,1
RUN-001200,1
RUN-001201,1
RUN-001202,1
RUN-001203,1
RUN-001204,1
RUN-001205,1
RUN-001206,1
RUN-001207,1
RUN-001208,1
RUN-001209,1
RUN-001210,1
RUN-001211,1
RUN-001212,1
RUN-001213,1
RUN-001214,1
RUN-001215,1
RUN-001216,1
RUN-001217,1
RUN-001218,1
RUN-001219,1
RUN-001220,1
RUN-001221,1
RUN-001222,1
RUN-001223,1
RUN-001224,1
RUN-001225,1
RUN-001226,1
RUN-001227,1
RUN-001228,1
RUN-001229,1
RUN-001230,1
RUN-001231,1
RUN-001232,1
RUN-001233,1
RUN-001234,1
RUN-001235,1
RUN-001236,1
RUN-001237,1
RUN-001238,1
RUN-001239,1
RUN-001240,1
RUN-001241,1
RUN-001242,1
RUN-001243,1
RUN-001244,1
RUN-001245,1
RUN-001246,1
RUN-001247,1
RUN-001248,1
RUN-001249,1
RUN-001250,1
RUN-001251,1
RUN-001252,1
RUN-001253,1
RUN-001254,1
RUN-001255,1
RUN-001256,1
RUN-001257,1
RUN-001258,1
RUN-001259,1
RUN-001260,1
RUN-001261,1
RUN-001262,1
RUN-001263,1
RUN-001264,1
RUN-001265,1
RUN-001266,1
RUN-001267,1
RUN-001268,1
RUN-001269,1
RUN-001270,1
RUN-001271,1
RUN-001272,1
RUN-001273,1
RUN-001274,1
RUN-001275,1
RUN-001276,1
RUN-001277,1
RUN-001278,1
RUN-001279,1
RUN-001280,1
RUN-001281,1
RUN-001282,1
RUN-001283,1
RUN-001284,1
RUN-001285,1
RUN-001286,1
RUN-001287,1
RUN-001288,1
RUN-001289,1
RUN-001290,1
RUN-001291,1
RUN-001292,1
RUN-001293,0
RUN-001294,1
RUN-001295,1
RUN-001296,1
RUN-001297,1
RUN-001298,1
RUN-001299,1
RUN-001300,1
RUN-001301,0
RUN-001302,1
RUN-001303,1
RUN-001304,1
RUN-001305,1
RUN-001306,1
RUN-001307,1
RUN-001308,1
RUN-001309,1
RUN-001310,1
RUN-001311,1
RUN-001312,1
RUN-001313,1
RUN-001314,1
RUN-001315,1
RUN-001316,1
RUN-001317,1
RUN-001318,1
RUN-001319,0
RUN-001320,1
RUN-001321,1
RUN-001322,1
RUN-001323,1
RUN-001324,1
RUN-001325,1
RUN-001326,1
RUN-001327,1
RUN-001328,1
RUN-001329,1
RUN-001330,1
RUN-001331,1
RUN-001332,1
RUN-001333,1
RUN-001334,1
RUN-001335,1
RUN-001336,1
RUN-001337,1
RUN-001338,1
RUN-001339,1
RUN-001340,1
RUN-001341,1
RUN-001342,1
RUN-001343,1
RUN-001344,1
RUN-001345,1
RUN-001346,1
RUN-001347,1
RUN-001348,1
RUN-001349,1
RUN-001350,1
RUN-001351,1
RUN-001352,1
RUN-001353,1
RUN-001354,1
RUN-001355,1
RUN-001356,1
RUN-001357,1
RUN-001358,1
RUN-001359,1
RUN-001360,1
RUN-001361,1
RUN-001362,1
RUN-001363,1
RUN-001364,1
RUN-001365,1
RUN-001366,1
RUN-001367,1
RUN-001368,1
RUN-001369,1
RUN-001370,1
RUN-001371,1
RUN-001372,1
RUN-001373,1
RUN-001374,1
RUN-001375,1
RUN-001376,1
RUN-001377,1
RUN-001378,1
RUN-001379,1
RUN-001380,1
RUN-001381,1
RUN-001382,1
RUN-001383,1
RUN-001384,1
RUN-001385,1
RUN-001386,1
RUN-001387,1
RUN-001388,1
RUN-001389,1
RUN-001390,1
RUN-001391,1
RUN-001392,1
RUN-001393,1
RUN-001394,1
RUN-001395,1
RUN-001396,1
RUN-001397,1
RUN-001398,1
RUN-001399,1
RUN-001400,1
RUN-001401,1
RUN-001402,1
RUN-001403,1
RUN-001404,1
RUN-001405,1
RUN-001406,1
RUN-001407,1
RUN-001408,1
RUN-001409,1
RUN-001410,1
RUN-001411,1
RUN-001412,1
RUN-001413,1
RUN-001414,0
RUN-001415,1
RUN-001416,1
RUN-001417,1
RUN-001418,1
RUN-001419,1
RUN-001420,1
RUN-001421,1
RUN-001422,1
RUN-001423,0
RUN-001424,1
RUN-001425,1
RUN-001426,1
RUN-001427,1
RUN-001428,1
RUN-001429,1
RUN-001430,1
RUN-001431,1
RUN-001432,1
RUN-001433,1
RUN-001434,1
RUN-001435,1
RUN-001436,1
RUN-001437,1
RUN-001438,1
RUN-001439,1
RUN-001440,1
RUN-001441,1
RUN-001442,1
RUN-001443,1
RUN-001444,1
RUN-001445,1
RUN-001446,1
RUN-001447,1
RUN-001448,1
RUN-001449,1
RUN-001450,1
RUN-001451,1
RUN-001452,1
RUN-001453,1
RUN-001454,1
RUN-001455,1
RUN-001456,1
RUN-001457,1
RUN-001458,1
RUN-001459,1
RUN-001460,1
RUN-001461,1
RUN-001462,1
RUN-001463,1
RUN-001464,1
RUN-001465,1
RUN-001466,1
RUN-001467,1
RUN-001468,1
RUN-001469,1
RUN-001470,1
RUN-001471,1
RUN-001472,1
RUN-001473,1
RUN-001474,1
RUN-001475,1
RUN-001476,1
RUN-001477,1
RUN-001478,1
RUN-001479,1
RUN-001480,1
RUN-001481,1
RUN-001482,1
RUN-001483,1
RUN-001484,1
RUN-001485,1
RUN-001486,1
RUN-001487,1
RUN-001488,1
RUN-001489,1
RUN-001490,0
RUN-001491,1
RUN-001492,1
RUN-001493,1
RUN-001494,1
RUN-001495,1
RUN-001496,1
RUN-001497,1
RUN-001498,1
RUN-001499,1
RUN-001500,1
RUN-001501,1
RUN-001502,1
RUN-001503,1
RUN-001504,1
RUN-001505,1
RUN-001506,0
RUN-001507,1
RUN-001508,1
RUN-001509,1
RUN-001510,1
RUN-001511,1
RUN-001512,1
RUN-001513,1
RUN-001514,1
RUN-001515,1
RUN-001516,1
RUN-001517,1
RUN-001518,1
RUN-001519,1
RUN-001520,1
RUN-001521,1
RUN-001522,1
RUN-001523,1
RUN-001524,1
RUN-001525,1
RUN-001526,1
RUN-001527,1
RUN-001528,1
RUN-001529,1
RUN-001530,1
RUN-001531,1
RUN-001532,1
RUN-001533,1
RUN-001534,1
RUN-001535,1
RUN-001536,1
RUN-001537,1
RUN-001538,1
RUN-001539,1
RUN-001540,1
RUN-001541,1
RUN-001542,1
RUN-001543,1
RUN-001544,1
RUN-001545,1
RUN-001546,1
RUN-001547,1
RUN-001548,1
RUN-001549,1
RUN-001550,1
RUN-001551,1
RUN-001552,1
RUN-001553,1
RUN-001554,1
RUN-001555,1
RUN-001556,1
RUN-001557,1
RUN-001558,1
RUN-001559,1
RUN-001560,1
RUN-001561,1
RUN-001562,1
RUN-001563,1
RUN-001564,1
RUN-001565,1
RUN-001566,1
RUN-001567,1
RUN-001568,1
RUN-001569,1
RUN-001570,1
RUN-001571,1
RUN-001572,0
RUN-001573,1
RUN-001574,1
RUN-001575,1
RUN-001576,1
RUN-001577,1
RUN-001578,0
RUN-001579,1
RUN-001580,1
RUN-001581,1
RUN-001582,0
RUN-001583,1
RUN-001584,1
RUN-001585,1
RUN-001586,1
RUN-001587,1
RUN-001588,1
RUN-001589,1
RUN-001590,1
RUN-001591,1
RUN-001592,1
RUN-001593,1
RUN-001594,1
RUN-001595,1
RUN-001596,1
RUN-001597,1
RUN-001598,1
RUN-001599,1
RUN-001600,1
RUN-001601,1
RUN-001602,1
RUN-001603,1
RUN-001604,1
RUN-001605,1
RUN-001606,1
RUN-001607,1
RUN-001608,1
RUN-001609,1
RUN-001610,1
RUN-001611,1
RUN-001612,1
RUN-001613,1
RUN-001614,1
RUN-001615,1
RUN-001616,1
RUN-001617,1
RUN-001618,1
RUN-001619,1
RUN-001620,1
RUN-001621,1
RUN-001622,1
RUN-001623,1
RUN-001624,1
RUN-001625,1
RUN-001626,1
RUN-001627,1
RUN-001628,1
RUN-001629,1
RUN-001630,1
RUN-001631,1
RUN-001632,1
RUN-001633,1
RUN-001634,1
RUN-001635,1
RUN-001636,1
RUN-001637,1
RUN-001638,1
RUN-001639,1
RUN-001640,1
RUN-001641,1
RUN-001642,1
RUN-001643,1
RUN-001644,1
RUN-001645,1
RUN-001646,1
RUN-001647,1
RUN-001648,1
RUN-001649,1
RUN-001650,1
RUN-001651,1
RUN-001652,1
RUN-001653,1
RUN-001654,1
RUN-001655,1
RUN-001656,0
RUN-001657,1
RUN-001658,0
RUN-001659,1
RUN-001660,1
RUN-001661,1
RUN-001662,1
RUN-001663,1
RUN-001664,1
RUN-001665,1
RUN-001666,1
RUN-001667,1
RUN-001668,1
RUN-001669,1
RUN-001670,1
RUN-001671,1
RUN-001672,1
RUN-001673,1
RUN-001674,1
RUN-001675,1
RUN-001676,1
RUN-001677,1
RUN-001678,1
RUN-001679,1
RUN-001680,1
RUN-001681,1
RUN-001682,1
RUN-001683,1
RUN-001684,1
RUN-001685,1
RUN-001686,1
RUN-001687,1
RUN-001688,1
RUN-001689,1
RUN-001690,1
RUN-001691,1
RUN-001692,1
RUN-001693,1
RUN-001694,1
RUN-001695,1
RUN-001696,1
RUN-001697,1
RUN-001698,1
RUN-001699,1
RUN-001700,1
RUN-001701,1
RUN-001702,1
RUN-001703,1
RUN-001704,1
RUN-001705,1
RUN-001706,1
RUN-001707,1
RUN-001708,1
RUN-001709,1
RUN-001710,1
RUN-001711,1
RUN-001712,0
RUN-001713,1
RUN-001714,1
RUN-001715,1
RUN-001716,1
RUN-001717,1
RUN-001718,1
RUN-001719,1
RUN-001720,1
RUN-001721,1
RUN-001722,1
RUN-001723,1
RUN-001724,0
RUN-001725,1
RUN-001726,1
RUN-001727,1
RUN-001728,1
RUN-001729,1
RUN-001730,1
RUN-001731,1
RUN-001732,1
RUN-001733,1
RUN-001734,1
RUN-001735,1
RUN-001736,1
RUN-001737,1
RUN-001738,1
RUN-001739,1
RUN-001740,1
RUN-001741,1
RUN-001742,1
RUN-001743,1
RUN-001744,1
RUN-001745,1
RUN-001746,1
RUN-001747,1
RUN-001748,1
RUN-001749,1
RUN-001750,1
RUN-001751,0
RUN-001752,1
RUN-001753,1
RUN-001754,1
RUN-001755,1
RUN-001756,1
RUN-001757,1
RUN-001758,1
RUN-001759,1
RUN-001760,1
RUN-001761,1
RUN-001762,1
RUN-001763,1
RUN-001764,1
RUN-001765,1
RUN-001766,1
RUN-001767,1
RUN-001768,1
RUN-001769,1
RUN-001770,1
RUN-001771,1
RUN-001772,1
RUN-001773,1
RUN-001774,1
RUN-001775,1
RUN-001776,1
RUN-001777,1
RUN-001778,1
RUN-001779,1
RUN-001780,1
RUN-001781,1
RUN-001782,1
RUN-001783,1
RUN-001784,1
RUN-001785,1
RUN-001786,1
RUN-001787,1
RUN-001788,1
RUN-001789,1
RUN-001790,1
RUN-001791,1
RUN-001792,1
RUN-001793,1
RUN-001794,1
RUN-001795,1
RUN-001796,1
RUN-001797,1
RUN-001798,1
RUN-001799,1
RUN-001800,1
RUN-001801,0
RUN-001802,1
RUN-001803,1
RUN-001804,1
RUN-001805,1
RUN-001806,1
RUN-001807,1
RUN-001808,1
RUN-001809,1
RUN-001810,1
RUN-001811,1
RUN-001812,1
RUN-001813,1
RUN-001814,1
RUN-001815,1
RUN-001816,1
RUN-001817,1
RUN-001818,1
RUN-001819,1
RUN-001820,1
RUN-001821,1
RUN-001822,1
RUN-001823,1
RUN-001824,1
RUN-001825,1
RUN-001826,1
RUN-001827,1
RUN-001828,1
RUN-001829,1
RUN-001830,1
RUN-001831,1
RUN-001832,1
RUN-001833,1
RUN-001834,1
RUN-001835,1
RUN-001836,1
RUN-001837,0
RUN-001838,1
RUN-001839,1
RUN-001840,0
RUN-001841,1
RUN-001842,1
RUN-001843,1
RUN-001844,1
RUN-001845,1
RUN-001846,1
RUN-001847,1
RUN-001848,1
RUN-001849,1
RUN-001850,1
RUN-001851,1
RUN-001852,1
RUN-001853,1
RUN-001854,1
RUN-001855,1
RUN-001856,1
RUN-001857,1
RUN-001858,1
RUN-001859,1
RUN-001860,1
RUN-001861,1
RUN-001862,1
RUN-001863,1
RUN-001864,1
RUN-001865,1
RUN-001866,1
RUN-001867,1
RUN-001868,1
RUN-001869,1
RUN-001870,1
RUN-001871,1
RUN-001872,1
RUN-001873,1
RUN-001874,1
RUN-001875,1
RUN-001876,1
RUN-001877,1
RUN-001878,1
RUN-001879,1
RUN-001880,1
RUN-001881,1
RUN-001882,1
RUN-001883,1
RUN-001884,1
RUN-001885,1
RUN-001886,1
RUN-001887,1
RUN-001888,1
RUN-001889,1
RUN-001890,1
RUN-001891,1
RUN-001892,1
RUN-001893,1
RUN-001894,1
RUN-001895,1
RUN-001896,1
RUN-001897,1
RUN-001898,1
RUN-001899,1
RUN-001900,1
RUN-001901,1
RUN-001902,1
RUN-001903,1
RUN-001904,1
RUN-001905,1
RUN-001906,1
RUN-001907,1
RUN-001908,1
RUN-001909,1
RUN-001910,1
RUN-001911,1
RUN-001912,1
RUN-001913,1
RUN-001914,1
RUN-001915,1
RUN-001916,1
RUN-001917,1
RUN-001918,1
RUN-001919,1
RUN-001920,1
RUN-001921,1
RUN-001922,1
RUN-001923,1
RUN-001924,1
RUN-001925,1
RUN-001926,1
RUN-001927,1
RUN-001928,1
RUN-001929,1
RUN-001930,1
RUN-001931,1
RUN-001932,1
RUN-001933,1
RUN-001934,1
RUN-001935,1
RUN-001936,1
RUN-001937,1
RUN-001938,1
RUN-001939,1
RUN-001940,1
RUN-001941,1
RUN-001942,1
RUN-001943,1
RUN-001944,1
RUN-001945,1
RUN-001946,1
RUN-001947,0
RUN-001948,1
RUN-001949,1
RUN-001950,1
RUN-001951,1
RUN-001952,1
RUN-001953,1
RUN-001954,1
RUN-001955,1
RUN-001956,1
RUN-001957,1
RUN-001958,1
RUN-001959,1
RUN-001960,1
RUN-001961,1
RUN-001962,1
RUN-001963,1
RUN-001964,1
RUN-001965,1
RUN-001966,1
RUN-001967,1
RUN-001968,1
RUN-001969,1
RUN-001970,1
RUN-001971,1
RUN-001972,1
RUN-001973,1
RUN-001974,0
RUN-001975,1
RUN-001976,1
RUN-001977,1
RUN-001978,1
RUN-001979,1
RUN-001980,1
RUN-001981,1
RUN-001982,1
RUN-001983,1
RUN-001984,1
RUN-001985,1
RUN-001986,1
RUN-001987,1
RUN-001988,1
RUN-001989,1
RUN-001990,1
RUN-001991,1
RUN-001992,1
RUN-001993,1
RUN-001994,1
RUN-001995,1
RUN-001996,1
RUN-001997,1
RUN-001998,1
RUN-001999,1
RUN-002000,1
RUN-002001,1
RUN-002002,1
RUN-002003,1
RUN-002004,1
RUN-002005,1
RUN-002006,1
RUN-002007,1
RUN-002008,1
RUN-002009,1
RUN-002010,1
RUN-002011,1
RUN-002012,1
RUN-002013,1
RUN-002014,1
RUN-002015,1
RUN-002016,1
RUN-002017,1
RUN-002018,1
RUN-002019,1
RUN-002020,0
RUN-002021,1
RUN-002022,1
RUN-002023,1
RUN-002024,1
RUN-002025,1
RUN-002026,1
RUN-002027,1
RUN-002028,1
RUN-002029,1
RUN-002030,0
RUN-002031,1
RUN-002032,1
RUN-002033,1
RUN-002034,1
RUN-002035,1
RUN-002036,1
RUN-002037,1
RUN-002038,0
RUN-002039,1
RUN-002040,1
RUN-002041,1
RUN-002042,1
RUN-002043,1
RUN-002044,1
RUN-002045,1
RUN-002046,1
RUN-002047,1
RUN-002048,1
RUN-002049,1
RUN-002050,1
RUN-002051,1
RUN-002052,1
RUN-002053,1
RUN-002054,1
RUN-002055,1
RUN-002056,1
RUN-002057,1
RUN-002058,1
RUN-002059,1
RUN-002060,1
RUN-002061,1
RUN-002062,1
RUN-002063,1
RUN-002064,1
RUN-002065,1
RUN-002066,1
RUN-002067,1
RUN-002068,1
RUN-002069,1
RUN-002070,1
RUN-002071,1
RUN-002072,1
RUN-002073,1
RUN-002074,1
RUN-002075,1
RUN-002076,1
RUN-002077,1
RUN-002078,1
RUN-002079,1
RUN-002080,1
RUN-002081,1
RUN-002082,1
RUN-002083,1
RUN-002084,1
RUN-002085,1
RUN-002086,1
RUN-002087,1
RUN-002088,1
RUN-002089,1
RUN-002090,1
RUN-002091,1
RUN-002092,1
RUN-002093,1
RUN-002094,1
RUN-002095,1
RUN-002096,1
RUN-002097,1
RUN-002098,1
RUN-002099,1
RUN-002100,1
RUN-002101,1
RUN-002102,1
RUN-002103,1
RUN-002104,1
RUN-002105,1
RUN-002106,1
RUN-002107,1
RUN-002108,1
RUN-002109,0
RUN-002110,1
RUN-002111,1
RUN-002112,1
RUN-002113,1
RUN-002114,1
RUN-002115,1
RUN-002116,1
RUN-002117,1
RUN-002118,1
RUN-002119,1
RUN-002120,1
RUN-002121,1
RUN-002122,1
RUN-002123,1
RUN-002124,1
RUN-002125,1
RUN-002126,1
RUN-002127,1
RUN-002128,1
RUN-002129,1
RUN-002130,1
RUN-002131,1
RUN-002132,1
RUN-002133,1
RUN-002134,1
RUN-002135,1
RUN-002136,1
RUN-002137,1
RUN-002138,1
RUN-002139,1
RUN-002140,1
RUN-002141,1
RUN-002142,1
RUN-002143,1
RUN-002144,1
RUN-002145,1
RUN-002146,1
RUN-002147,1
RUN-002148,1
RUN-002149,1
RUN-002150,1
RUN-002151,1
RUN-002152,1
RUN-002153,1
RUN-002154,1
RUN-002155,1
RUN-002156,1
RUN-002157,1
RUN-002158,1
RUN-002159,1
RUN-002160,1
RUN-002161,1
RUN-002162,1
RUN-002163,1
RUN-002164,1
RUN-002165,1
RUN-002166,1
RUN-002167,1
RUN-002168,1
RUN-002169,1
RUN-002170,1
RUN-002171,1
RUN-002172,1
RUN-002173,1
RUN-002174,1
RUN-002175,1
RUN-002176,1
RUN-002177,1
RUN-002178,1
RUN-002179,1
RUN-002180,1
RUN-002181,1
RUN-002182,1
RUN-002183,1
RUN-002184,1
RUN-002185,1
RUN-002186,1
RUN-002187,1
RUN-002188,1
RUN-002189,1
RUN-002190,1
RUN-002191,1
RUN-002192,1
RUN-002193,1
RUN-002194,1
RUN-002195,1
RUN-002196,1
RUN-002197,1
RUN-002198,1
RUN-002199,1
RUN-002200,1
RUN-002201,1
RUN-002202,1
RUN-002203,1
RUN-002204,1
RUN-002205,1
RUN-002206,1
RUN-002207,1
RUN-002208,1
RUN-002209,1
RUN-002210,0
RUN-002211,1
RUN-002212,1
RUN-002213,1
RUN-002214,1
RUN-002215,1
RUN-002216,1
RUN-002217,1
RUN-002218,1
RUN-002219,0
RUN-002220,0
RUN-002221,1
RUN-002222,1
RUN-002223,1
RUN-002224,1
RUN-002225,0
RUN-002226,1
RUN-002227,1
RUN-002228,1
RUN-002229,0
RUN-002230,1
RUN-002231,1
RUN-002232,1
RUN-002233,1
RUN-002234,1
RUN-002235,1
RUN-002236,1
RUN-002237,1
RUN-002238,1
RUN-002239,1
RUN-002240,1
RUN-002241,1
RUN-002242,1
RUN-002243,1
RUN-002244,1
RUN-002245,1
RUN-002246,1
RUN-002247,1
RUN-002248,1
RUN-002249,1
RUN-002250,1
RUN-002251,1
RUN-002252,1
RUN-002253,1
RUN-002254,1
RUN-002255,1
RUN-002256,1
RUN-002257,1
RUN-002258,1
RUN-002259,1
RUN-002260,1
RUN-002261,1
RUN-002262,1
RUN-002263,1
RUN-002264,1
RUN-002265,1
RUN-002266,1
RUN-002267,1
RUN-002268,1
RUN-002269,1
RUN-002270,1
RUN-002271,1
RUN-002272,1
RUN-002273,1
RUN-002274,1
RUN-002275,1
RUN-002276,1
RUN-002277,1
RUN-002278,1
RUN-002279,1
RUN-002280,1
RUN-002281,1
RUN-002282,1
RUN-002283,1
RUN-002284,1
RUN-002285,1
RUN-002286,1
RUN-002287,1
RUN-002288,1
RUN-002289,1
RUN-002290,1
RUN-002291,1
RUN-002292,1
RUN-002293,1
RUN-002294,1
RUN-002295,1
RUN-002296,1
RUN-002297,1
RUN-002298,1
RUN-002299,1
RUN-002300,1
RUN-002301,1
RUN-002302,1
RUN-002303,1
RUN-002304,1
RUN-002305,1
RUN-002306,1
RUN-002307,1
RUN-002308,1
RUN-002309,1
RUN-002310,1
RUN-002311,1
RUN-002312,1
RUN-002313,1
RUN-002314,1
RUN-002315,1
RUN-002316,1
RUN-002317,1
RUN-002318,1
RUN-002319,0
RUN-002320,1
RUN-002321,1
RUN-002322,1
RUN-002323,1
RUN-002324,1
RUN-002325,1
RUN-002326,1
RUN-002327,1
RUN-002328,1
RUN-002329,1
RUN-002330,1
RUN-002331,1
RUN-002332,1
RUN-002333,1
RUN-002334,1
RUN-002335,1
RUN-002336,1
RUN-002337,1
RUN-002338,1
RUN-002339,1
RUN-002340,1
RUN-002341,1
RUN-002342,1
RUN-002343,1
RUN-002344,1
RUN-002345,1
RUN-002346,1
RUN-002347,1
RUN-002348,1
RUN-002349,1
RUN-002350,1
RUN-002351,1
RUN-002352,1
RUN-002353,1
RUN-002354,1
RUN-002355,1
RUN-002356,1
RUN-002357,1
RUN-002358,1
RUN-002359,1
RUN-002360,1
RUN-002361,1
RUN-002362,1
RUN-002363,1
RUN-002364,1
RUN-002365,1
RUN-002366,1
RUN-002367,1
RUN-002368,1
RUN-002369,1
RUN-002370,1
RUN-002371,1
RUN-002372,1
RUN-002373,1
RUN-002374,1
RUN-002375,1
RUN-002376,0
RUN-002377,1
RUN-002378,1
RUN-002379,1
RUN-002380,1
RUN-002381,1
RUN-002382,1
RUN-002383,1
RUN-002384,1
RUN-002385,1
RUN-002386,1
RUN-002387,1
RUN-002388,1
RUN-002389,1
RUN-002390,1
RUN-002391,1
RUN-002392,1
RUN-002393,1
RUN-002394,1
RUN-002395,1
RUN-002396,1
RUN-002397,1
RUN-002398,1
RUN-002399,1
RUN-002400,1
RUN-002401,1
RUN-002402,1
RUN-002403,1
RUN-002404,1
RUN-002405,1
RUN-002406,1
RUN-002407,1
RUN-002408,1
RUN-002409,1
RUN-002410,1
RUN-002411,1
RUN-002412,1
RUN-002413,1
RUN-002414,1
RUN-002415,1
RUN-002416,1
RUN-002417,1
RUN-002418,1
RUN-002419,1
RUN-002420,1
RUN-002421,1
RUN-002422,1
RUN-002423,1
RUN-002424,1
RUN-002425,1
RUN-002426,1
RUN-002427,1
RUN-002428,1
RUN-002429,1
RUN-002430,0
RUN-002431,1
RUN-002432,1
RUN-002433,1
RUN-002434,1
RUN-002435,1
RUN-002436,1
RUN-002437,1
RUN-002438,0
RUN-002439,1
RUN-002440,1
RUN-002441,1
RUN-002442,1
RUN-002443,1
RUN-002444,1
RUN-002445,1
RUN-002446,1
RUN-002447,1
RUN-002448,1
RUN-002449,0
RUN-002450,1
RUN-002451,1
RUN-002452,1
RUN-002453,1
RUN-002454,1
RUN-002455,1
RUN-002456,1
RUN-002457,1
RUN-002458,1
RUN-002459,1
RUN-002460,1
RUN-002461,1
RUN-002462,1
RUN-002463,1
RUN-002464,1
RUN-002465,1
RUN-002466,1
RUN-002467,1
RUN-002468,1
RUN-002469,1
RUN-002470,1
RUN-002471,1
RUN-002472,1
RUN-002473,1
RUN-002474,1
RUN-002475,1
RUN-002476,1
RUN-002477,1
RUN-002478,1
RUN-002479,1
RUN-002480,1
RUN-002481,1
RUN-002482,1
RUN-002483,1
RUN-002484,1
RUN-002485,1
RUN-002486,1
RUN-002487,1
RUN-002488,1
RUN-002489,1
RUN-002490,1
RUN-002491,1
RUN-002492,1
RUN-002493,1
RUN-002494,1
RUN-002495,1
RUN-002496,1
RUN-002497,1
RUN-002498,1
RUN-002499,1
RUN-002500,1
RUN-002501,1
RUN-002502,1
RUN-002503,1
RUN-002504,1
RUN-002505,1
RUN-002506,1
RUN-002507,1
RUN-002508,0
RUN-002509,1
RUN-002510,1
RUN-002511,0
RUN-002512,1
RUN-002513,1
RUN-002514,1
RUN-002515,1
RUN-002516,1
RUN-002517,1
RUN-002518,1
RUN-002519,1
RUN-002520,1
RUN-002521,1
RUN-002522,1
RUN-002523,1
RUN-002524,1
RUN-002525,1
RUN-002526,1
RUN-002527,1
RUN-002528,1
RUN-002529,1
RUN-002530,1
RUN-002531,1
RUN-002532,1
RUN-002533,1
RUN-002534,1
RUN-002535,1
RUN-002536,1
RUN-002537,1
RUN-002538,1
RUN-002539,1
RUN-002540,1
RUN-002541,1
RUN-002542,1
RUN-002543,1
RUN-002544,1
RUN-002545,1
RUN-002546,1
RUN-002547,1
RUN-002548,1
RUN-002549,1
RUN-002550,1
RUN-002551,1
RUN-002552,1
RUN-002553,1
RUN-002554,1
RUN-002555,1
RUN-002556,1
RUN-002557,1
RUN-002558,1
RUN-002559,1
RUN-002560,1
RUN-002561,1
RUN-002562,1
RUN-002563,1
RUN-002564,1
RUN-002565,1
RUN-002566,1
RUN-002567,1
RUN-002568,1
RUN-002569,1
RUN-002570,1
RUN-002571,1
RUN-002572,1
RUN-002573,1
RUN-002574,1
RUN-002575,1
RUN-002576,1
RUN-002577,1
RUN-002578,1
RUN-002579,1
RUN-002580,1
RUN-002581,1
RUN-002582,1
RUN-002583,1
RUN-002584,1
RUN-002585,1
RUN-002586,1
RUN-002587,1
RUN-002588,1
RUN-002589,1
RUN-002590,1
RUN-002591,1
RUN-002592,1
RUN-002593,1
RUN-002594,1
RUN-002595,1
RUN-002596,1
RUN-002597,1
RUN-002598,1
RUN-002599,1
RUN-002600,1
RUN-002601,1
RUN-002602,1
RUN-002603,1
RUN-002604,1
RUN-002605,1
RUN-002606,1
RUN-002607,1
RUN-002608,1
RUN-002609,1
RUN-002610,1
RUN-002611,1
RUN-002612,1
RUN-002613,1
RUN-002614,1
RUN-002615,1
RUN-002616,1
RUN-002617,1
RUN-002618,1
RUN-002619,1
RUN-002620,1
RUN-002621,1
RUN-002622,1
RUN-002623,1
RUN-002624,1
RUN-002625,1
RUN-002626,1
RUN-002627,1
RUN-002628,1
RUN-002629,1
RUN-002630,1
RUN-002631,1
RUN-002632,1
RUN-002633,1
RUN-002634,1
RUN-002635,1
RUN-002636,1
RUN-002637,1
RUN-002638,1
RUN-002639,1
RUN-002640,0
RUN-002641,1
RUN-002642,1
RUN-002643,1
RUN-002644,1
RUN-002645,1
RUN-002646,1
RUN-002647,1
RUN-002648,1
RUN-002649,1
RUN-002650,1
RUN-002651,1
RUN-002652,1
RUN-002653,1
RUN-002654,1
RUN-002655,1
RUN-002656,1
RUN-002657,1
RUN-002658,1
RUN-002659,1
RUN-002660,1
RUN-002661,1
RUN-002662,1
RUN-002663,1
RUN-002664,1
RUN-002665,1
RUN-002666,1
RUN-002667,1
RUN-002668,1
RUN-002669,1
RUN-002670,1
RUN-002671,1
RUN-002672,1
RUN-002673,1
RUN-002674,1
RUN-002675,1
RUN-002676,1
RUN-002677,1
RUN-002678,1
RUN-002679,1
RUN-002680,1
RUN-002681,1
RUN-002682,1
RUN-002683,1
RUN-002684,1
RUN-002685,1
RUN-002686,1
RUN-002687,1
RUN-002688,1
RUN-002689,1
RUN-002690,1
RUN-002691,1
RUN-002692,1
RUN-002693,1
RUN-002694,1
RUN-002695,1
RUN-002696,1
RUN-002697,1
RUN-002698,1
RUN-002699,1
RUN-002700,1
RUN-002701,1
RUN-002702,1
RUN-002703,1
RUN-002704,1
RUN-002705,1
RUN-002706,1
RUN-002707,1
RUN-002708,1
RUN-002709,1
RUN-002710,1
RUN-002711,1
RUN-002712,1
RUN-002713,1
RUN-002714,1
RUN-002715,1
RUN-002716,1
RUN-002717,1
RUN-002718,1
RUN-002719,1
RUN-002720,0
RUN-002721,1
RUN-002722,1
RUN-002723,1
RUN-002724,1
RUN-002725,1
RUN-002726,1
RUN-002727,1
RUN-002728,1
RUN-002729,1
RUN-002730,1
RUN-002731,1
RUN-002732,1
RUN-002733,1
RUN-002734,1
RUN-002735,0
RUN-002736,1
RUN-002737,1
RUN-002738,1
RUN-002739,1
RUN-002740,1
RUN-002741,1
RUN-002742,1
RUN-002743,1
RUN-002744,1
RUN-002745,1
RUN-002746,1
RUN-002747,1
RUN-002748,1
RUN-002749,1
RUN-002750,1
RUN-002751,1
RUN-002752,1
RUN-002753,1
RUN-002754,1
RUN-002755,1
RUN-002756,1
RUN-002757,1
RUN-002758,1
RUN-002759,1
RUN-002760,1
RUN-002761,1
RUN-002762,1
RUN-002763,1
RUN-002764,1
RUN-002765,0
RUN-002766,1
RUN-002767,1
RUN-002768,1
RUN-002769,1
RUN-002770,1
RUN-002771,1
RUN-002772,1
RUN-002773,1
RUN-002774,1
RUN-002775,1
RUN-002776,1
RUN-002777,1
RUN-002778,1
RUN-002779,1
RUN-002780,1
RUN-002781,1
RUN-002782,1
RUN-002783,1
RUN-002784,1
RUN-002785,1
RUN-002786,1
RUN-002787,1
RUN-002788,1
RUN-002789,1
RUN-002790,1
RUN-002791,1
RUN-002792,1
RUN-002793,1
RUN-002794,1
RUN-002795,1
RUN-002796,1
RUN-002797,1
RUN-002798,1
RUN-002799,1
RUN-002800,1
RUN-002801,1
RUN-002802,1
RUN-002803,1
RUN-002804,1
RUN-002805,1
RUN-002806,1
RUN-002807,1
RUN-002808,1
RUN-002809,1
RUN-002810,1
RUN-002811,1
RUN-002812,1
RUN-002813,1
RUN-002814,1
RUN-002815,0
RUN-002816,1
RUN-002817,1
RUN-002818,1
RUN-002819,1
RUN-002820,1
RUN-002821,1
RUN-002822,1
RUN-002823,1
RUN-002824,1
RUN-002825,1
RUN-002826,1
RUN-002827,1
RUN-002828,1
RUN-002829,1
RUN-002830,1
RUN-002831,1
RUN-002832,1
RUN-002833,1
RUN-002834,1
RUN-002835,1
RUN-002836,1
RUN-002837,1
RUN-002838,1
RUN-002839,1
RUN-002840,1
RUN-002841,1
RUN-002842,1
RUN-002843,1
RUN-002844,1
RUN-002845,1
RUN-002846,1
RUN-002847,1
RUN-002848,1
RUN-002849,1
RUN-002850,1
RUN-002851,1
RUN-002852,1
RUN-002853,0
RUN-002854,1
RUN-002855,1
RUN-002856,1
RUN-002857,1
RUN-002858,1
RUN-002859,1
RUN-002860,1
RUN-002861,1
RUN-002862,1
RUN-002863,1
RUN-002864,1
RUN-002865,1
RUN-002866,1
RUN-002867,1
RUN-002868,1
RUN-002869,1
RUN-002870,1
RUN-002871,1
RUN-002872,0
RUN-002873,1
RUN-002874,1
RUN-002875,1
RUN-002876,1
RUN-002877,1
RUN-002878,0
RUN-002879,1
RUN-002880,1
RUN-002881,1
RUN-002882,1
RUN-002883,1
RUN-002884,1
RUN-002885,1
RUN-002886,1
RUN-002887,1
RUN-002888,1
RUN-002889,1
RUN-002890,1
RUN-002891,1
RUN-002892,1
RUN-002893,1
RUN-002894,1
RUN-002895,1
RUN-002896,1
RUN-002897,1
RUN-002898,1
RUN-002899,1
RUN-002900,1
RUN-002901,1
RUN-002902,1
RUN-002903,1
RUN-002904,1
RUN-002905,1
RUN-002906,1
RUN-002907,1
RUN-002908,1
RUN-002909,1
RUN-002910,1
RUN-002911,1
RUN-002912,1
RUN-002913,1
RUN-002914,1
RUN-002915,1
RUN-002916,1
RUN-002917,1
RUN-002918,1
RUN-002919,1
RUN-002920,1
RUN-002921,1
RUN-002922,1
RUN-002923,1
RUN-002924,1
RUN-002925,1
RUN-002926,1
RUN-002927,1
RUN-002928,1
RUN-002929,1
RUN-002930,1
RUN-002931,1
RUN-002932,1
RUN-002933,1
RUN-002934,1
RUN-002935,1
RUN-002936,1
RUN-002937,1
RUN-002938,1
RUN-002939,1
RUN-002940,1
RUN-002941,1
RUN-002942,1
RUN-002943,1
RUN-002944,1
RUN-002945,1
RUN-002946,1
RUN-002947,1
RUN-002948,1
RUN-002949,1
RUN-002950,1
RUN-002951,1
RUN-002952,1
RUN-002953,1
RUN-002954,1
RUN-002955,1
RUN-002956,1
RUN-002957,1
RUN-002958,1
RUN-002959,1
RUN-002960,1
RUN-002961,1
RUN-002962,1
RUN-002963,1
RUN-002964,1
RUN-002965,1
RUN-002966,1
RUN-002967,1
RUN-002968,1
RUN-002969,1
RUN-002970,1
RUN-002971,1
RUN-002972,1
RUN-002973,1
RUN-002974,1
RUN-002975,1
RUN-002976,1
RUN-002977,1
RUN-002978,1
RUN-002979,1
RUN-002980,1
RUN-002981,1
RUN-002982,1
RUN-002983,1
RUN-002984,1
RUN-002985,1
RUN-002986,1
RUN-002987,1
RUN-002988,1
RUN-002989,1
RUN-002990,1
RUN-002991,1
RUN-002992,1
RUN-002993,1
RUN-002994,1
RUN-002995,0
RUN-002996,0
RUN-002997,1
RUN-002998,1
RUN-002999,0
RUN-003000,1
RUN-003001,1
RUN-003002,1
RUN-003003,1
RUN-003004,1
RUN-003005,1
RUN-003006,1
RUN-003007,1
RUN-003008,1
RUN-003009,1
RUN-003010,1
RUN-003011,1
RUN-003012,1
RUN-003013,1
RUN-003014,1
RUN-003015,1
RUN-003016,1
RUN-003017,1
RUN-003018,1
RUN-003019,1
RUN-003020,1
RUN-003021,1
RUN-003022,1
RUN-003023,1
RUN-003024,1
RUN-003025,1
RUN-003026,1
RUN-003027,1
RUN-003028,1
RUN-003029,1
RUN-003030,1
RUN-003031,1
RUN-003032,1
RUN-003033,0
RUN-003034,1
RUN-003035,1
RUN-003036,1
RUN-003037,1
RUN-003038,1
RUN-003039,1
RUN-003040,1
RUN-003041,1
RUN-003042,1
RUN-003043,1
RUN-003044,1
RUN-003045,1
RUN-003046,1
RUN-003047,1
RUN-003048,1
RUN-003049,1
RUN-003050,1
RUN-003051,1
RUN-003052,1
RUN-003053,1
RUN-003054,1
RUN-003055,1
RUN-003056,1
RUN-003057,1
RUN-003058,1
RUN-003059,1
RUN-003060,1
RUN-003061,1
RUN-003062,1
RUN-003063,1
RUN-003064,1
RUN-003065,1
RUN-003066,1
RUN-003067,1
RUN-003068,1
RUN-003069,1
RUN-003070,1
RUN-003071,1
RUN-003072,1
RUN-003073,1
RUN-003074,1
RUN-003075,1
RUN-003076,1
RUN-003077,1
RUN-003078,1
RUN-003079,1
RUN-003080,1
RUN-003081,1
RUN-003082,1
RUN-003083,1
RUN-003084,1
RUN-003085,1
RUN-003086,1
RUN-003087,1
RUN-003088,1
RUN-003089,1
RUN-003090,1
RUN-003091,1
RUN-003092,1
RUN-003093,1
RUN-003094,0
RUN-003095,1
RUN-003096,1
RUN-003097,1
RUN-003098,1
RUN-003099,1
RUN-003100,1
RUN-003101,1
RUN-003102,1
RUN-003103,1
RUN-003104,1
RUN-003105,1
RUN-003106,1
RUN-003107,1
RUN-003108,1
RUN-003109,1
RUN-003110,1
RUN-003111,1
RUN-003112,1
RUN-003113,1
RUN-003114,1
RUN-003115,1
RUN-003116,1
RUN-003117,1
RUN-003118,1
RUN-003119,1
RUN-003120,1
RUN-003121,1
RUN-003122,1
RUN-003123,1
RUN-003124,1
RUN-003125,1
RUN-003126,1
RUN-003127,1
RUN-003128,1
RUN-003129,1
RUN-003130,1
RUN-003131,1
RUN-003132,1
RUN-003133,1
RUN-003134,1
RUN-003135,1
RUN-003136,1
RUN-003137,1
RUN-003138,1
RUN-003139,1
RUN-003140,1
RUN-003141,1
RUN-003142,1
RUN-003143,1
RUN-003144,1
RUN-003145,1
RUN-003146,1
RUN-003147,1
RUN-003148,1
RUN-003149,1
RUN-003150,1
RUN-003151,1
RUN-003152,1
RUN-003153,1
RUN-003154,1
RUN-003155,1
RUN-003156,1
RUN-003157,1
RUN-003158,1
RUN-003159,1
RUN-003160,1
RUN-003161,1
RUN-003162,1
RUN-003163,1
RUN-003164,1
RUN-003165,1
RUN-003166,1
RUN-003167,1
RUN-003168,1
RUN-003169,1
RUN-003170,1
RUN-003171,1
RUN-003172,1
RUN-003173,1
RUN-003174,1
RUN-003175,1
RUN-003176,1
RUN-003177,1
RUN-003178,1
RUN-003179,1
RUN-003180,1
RUN-003181,1
RUN-003182,1
RUN-003183,1
RUN-003184,0
RUN-003185,1
RUN-003186,1
RUN-003187,1
RUN-003188,1
RUN-003189,1
RUN-003190,1
RUN-003191,1
RUN-003192,1
RUN-003193,1
RUN-003194,1
RUN-003195,1
RUN-003196,1
RUN-003197,1
RUN-003198,1
RUN-003199,1
RUN-003200,1
RUN-003201,1
RUN-003202,1
RUN-003203,1
RUN-003204,1
RUN-003205,1
RUN-003206,1
RUN-003207,1
RUN-003208,1
RUN-003209,1
RUN-003210,1
RUN-003211,1
RUN-003212,1
RUN-003213,1
RUN-003214,1
RUN-003215,1
RUN-003216,1
RUN-003217,1
RUN-003218,1
RUN-003219,1
RUN-003220,1
RUN-003221,1
RUN-003222,1
RUN-003223,1
RUN-003224,1
RUN-003225,1
RUN-003226,1
RUN-003227,1
RUN-003228,1
RUN-003229,1
RUN-003230,1
RUN-003231,1
RUN-003232,1
RUN-003233,1
RUN-003234,1
RUN-003235,1
RUN-003236,1
RUN-003237,1
RUN-003238,1
RUN-003239,1
RUN-003240,1
RUN-003241,1
RUN-003242,1
RUN-003243,1
RUN-003244,1
RUN-003245,1
RUN-003246,1
RUN-003247,1
RUN-003248,1
RUN-003249,1
RUN-003250,1
RUN-003251,1
RUN-003252,1
RUN-003253,1
RUN-003254,1
RUN-003255,1
RUN-003256,1
RUN-003257,1
RUN-003258,1
RUN-003259,0
RUN-003260,0
RUN-003261,1
RUN-003262,1
RUN-003263,1
RUN-003264,1
RUN-003265,0
RUN-003266,1
RUN-003267,1
RUN-003268,1
RUN-003269,1
RUN-003270,0
RUN-003271,1
RUN-003272,1
RUN-003273,1
RUN-003274,1
RUN-003275,1
RUN-003276,1
RUN-003277,1
RUN-003278,0
RUN-003279,1
RUN-003280,1
RUN-003281,1
RUN-003282,1
RUN-003283,1
RUN-003284,1
RUN-003285,0
RUN-003286,1
RUN-003287,1
RUN-003288,1
RUN-003289,1
RUN-003290,1
RUN-003291,0
RUN-003292,1
RUN-003293,1
RUN-003294,1
RUN-003295,1
RUN-003296,1
RUN-003297,1
RUN-003298,1
RUN-003299,1
RUN-003300,1
RUN-003301,1
RUN-003302,1
RUN-003303,1
RUN-003304,1
RUN-003305,1
RUN-003306,1
RUN-003307,1
RUN-003308,1
RUN-003309,1
RUN-003310,1
RUN-003311,1
RUN-003312,1
RUN-003313,1
RUN-003314,1
RUN-003315,1
RUN-003316,1
RUN-003317,1
RUN-003318,1
RUN-003319,1
RUN-003320,1
RUN-003321,1
RUN-003322,1
RUN-003323,1
RUN-003324,1
RUN-003325,1
RUN-003326,1
RUN-003327,1
RUN-003328,1
RUN-003329,1
RUN-003330,1
RUN-003331,1
RUN-003332,1
RUN-003333,1
RUN-003334,1
RUN-003335,1
RUN-003336,0
RUN-003337,1
RUN-003338,1
RUN-003339,1
RUN-003340,1
RUN-003341,1
RUN-003342,1
RUN-003343,1
RUN-003344,1
RUN-003345,1
RUN-003346,1
RUN-003347,1
RUN-003348,1
RUN-003349,1
RUN-003350,0
RUN-003351,1
RUN-003352,1
RUN-003353,1
RUN-003354,1
RUN-003355,1
RUN-003356,1
RUN-003357,1
RUN-003358,1
RUN-003359,1
RUN-003360,1
RUN-003361,1
RUN-003362,0
RUN-003363,1
RUN-003364,1
RUN-003365,1
RUN-003366,0
RUN-003367,1
RUN-003368,1
RUN-003369,1
RUN-003370,1
RUN-003371,1
RUN-003372,1
RUN-003373,1
RUN-003374,1
RUN-003375,1
RUN-003376,1
RUN-003377,1
RUN-003378,1
RUN-003379,1
RUN-003380,1
RUN-003381,1
RUN-003382,1
RUN-003383,1
RUN-003384,1
RUN-003385,1
RUN-003386,1
RUN-003387,1
RUN-003388,1
RUN-003389,1
RUN-003390,1
RUN-003391,1
RUN-003392,1
RUN-003393,1
RUN-003394,1
RUN-003395,1
RUN-003396,1
RUN-003397,1
RUN-003398,1
RUN-003399,1
RUN-003400,1
RUN-003401,1
RUN-003402,1
RUN-003403,1
RUN-003404,1
RUN-003405,1
RUN-003406,1
RUN-003407,1
RUN-003408,1
RUN-003409,1
RUN-003410,1
RUN-003411,1
RUN-003412,1
RUN-003413,1
RUN-003414,1
RUN-003415,1
RUN-003416,1
RUN-003417,1
RUN-003418,1
RUN-003419,1
RUN-003420,1
RUN-003421,1
RUN-003422,1
RUN-003423,1
RUN-003424,1
RUN-003425,1
RUN-003426,1
RUN-003427,1
RUN-003428,1
RUN-003429,1
RUN-003430,1
RUN-003431,1
RUN-003432,1
RUN-003433,1
RUN-003434,1
RUN-003435,1
RUN-003436,1
RUN-003437,1
RUN-003438,1
RUN-003439,1
RUN-003440,1
RUN-003441,1
RUN-003442,1
RUN-003443,1
RUN-003444,1
RUN-003445,1
RUN-003446,1
RUN-003447,1
RUN-003448,1
RUN-003449,1
RUN-003450,1
RUN-003451,1
RUN-003452,1
RUN-003453,1
RUN-003454,1
RUN-003455,1
RUN-003456,1
RUN-003457,1
RUN-003458,1
RUN-003459,1
RUN-003460,1
RUN-003461,1
RUN-003462,1
RUN-003463,1
RUN-003464,1
RUN-003465,1
RUN-003466,1
RUN-003467,1
RUN-003468,1
RUN-003469,1
RUN-003470,1
RUN-003471,1
RUN-003472,1
RUN-003473,1
RUN-003474,1
RUN-003475,1
RUN-003476,1
RUN-003477,1
RUN-003478,1
RUN-003479,1
RUN-003480,1
RUN-003481,1
RUN-003482,1
RUN-003483,1
RUN-003484,1
RUN-003485,1
RUN-003486,1
RUN-003487,1
RUN-003488,1
RUN-003489,1
RUN-003490,1
RUN-003491,1
RUN-003492,0
RUN-003493,1
RUN-003494,1
RUN-003495,1
RUN-003496,1
RUN-003497,1
RUN-003498,0
RUN-003499,1
RUN-003500,1
RUN-003501,1
RUN-003502,1
RUN-003503,1
RUN-003504,1
RUN-003505,1
RUN-003506,1
RUN-003507,1
RUN-003508,1
RUN-003509,1
RUN-003510,1
RUN-003511,1
RUN-003512,1
RUN-003513,1
RUN-003514,1
RUN-003515,1
RUN-003516,1
RUN-003517,1
RUN-003518,1
RUN-003519,1
RUN-003520,1
RUN-003521,1
RUN-003522,1
RUN-003523,1
RUN-003524,1
RUN-003525,1
RUN-003526,1
RUN-003527,1
RUN-003528,1
RUN-003529,1
RUN-003530,1
RUN-003531,1
RUN-003532,1
RUN-003533,1
RUN-003534,1
RUN-003535,1
RUN-003536,1
RUN-003537,1
RUN-003538,1
RUN-003539,1
RUN-003540,1
RUN-003541,1
RUN-003542,1
RUN-003543,1
RUN-003544,1
RUN-003545,1
RUN-003546,1
RUN-003547,1
RUN-003548,1
RUN-003549,1
RUN-003550,1
RUN-003551,1
RUN-003552,1
RUN-003553,1
RUN-003554,1
RUN-003555,1
RUN-003556,1
RUN-003557,1
RUN-003558,1
RUN-003559,1
RUN-003560,0
RUN-003561,1
RUN-003562,1
RUN-003563,1
RUN-003564,1
RUN-003565,1
RUN-003566,1
RUN-003567,1
RUN-003568,1
RUN-003569,1
RUN-003570,1
RUN-003571,1
RUN-003572,1
RUN-003573,1
RUN-003574,1
RUN-003575,1
RUN-003576,1
RUN-003577,1
RUN-003578,0
RUN-003579,1
RUN-003580,1
RUN-003581,1
RUN-003582,1
RUN-003583,1
RUN-003584,1
RUN-003585,1
RUN-003586,1
RUN-003587,1
RUN-003588,1
RUN-003589,1
RUN-003590,1
RUN-003591,1
RUN-003592,1
RUN-003593,1
RUN-003594,1
RUN-003595,1
RUN-003596,1
RUN-003597,1
RUN-003598,1
RUN-003599,1
RUN-003600,1
RUN-003601,1
RUN-003602,1
RUN-003603,1
RUN-003604,1
RUN-003605,1
RUN-003606,1
RUN-003607,1
RUN-003608,1
RUN-003609,1
RUN-003610,1
RUN-003611,1
RUN-003612,1
RUN-003613,1
RUN-003614,1
RUN-003615,1
RUN-003616,1
RUN-003617,1
RUN-003618,1
RUN-003619,1
RUN-003620,1
RUN-003621,1
RUN-003622,1
RUN-003623,1
RUN-003624,1
RUN-003625,1
RUN-003626,1
RUN-003627,1
RUN-003628,1
RUN-003629,1
RUN-003630,1
RUN-003631,1
RUN-003632,1
RUN-003633,1
RUN-003634,1
RUN-003635,1
RUN-003636,1
RUN-003637,1
RUN-003638,1
RUN-003639,1
RUN-003640,1
RUN-003641,1
RUN-003642,1
RUN-003643,1
RUN-003644,1
RUN-003645,1
RUN-003646,1
RUN-003647,1
RUN-003648,1
RUN-003649,1
RUN-003650,0
RUN-003651,1
RUN-003652,1
RUN-003653,1
RUN-003654,1
RUN-003655,1
RUN-003656,1
RUN-003657,1
RUN-003658,1
RUN-003659,1
RUN-003660,1
RUN-003661,1
RUN-003662,1
RUN-003663,1
RUN-003664,1
RUN-003665,1
RUN-003666,1
RUN-003667,1
RUN-003668,0
RUN-003669,1
RUN-003670,1
RUN-003671,1
RUN-003672,1
RUN-003673,1
RUN-003674,1
RUN-003675,1
RUN-003676,1
RUN-003677,1
RUN-003678,1
RUN-003679,1
RUN-003680,1
RUN-003681,1
RUN-003682,1
RUN-003683,1
RUN-003684,1
RUN-003685,1
RUN-003686,1
RUN-003687,1
RUN-003688,1
RUN-003689,1
RUN-003690,1
RUN-003691,1
RUN-003692,1
RUN-003693,1
RUN-003694,1
RUN-003695,1
RUN-003696,1
RUN-003697,1
RUN-003698,1
RUN-003699,1
RUN-003700,1
RUN-003701,1
RUN-003702,1
RUN-003703,1
RUN-003704,1
RUN-003705,1
RUN-003706,1
RUN-003707,1
RUN-003708,1
RUN-003709,1
RUN-003710,1
RUN-003711,1
RUN-003712,1
RUN-003713,1
RUN-003714,0
RUN-003715,1
RUN-003716,1
RUN-003717,1
RUN-003718,1
RUN-003719,1
RUN-003720,1
RUN-003721,1
RUN-003722,1
RUN-003723,1
RUN-003724,1
RUN-003725,1
RUN-003726,1
RUN-003727,1
RUN-003728,1
RUN-003729,1
RUN-003730,1
RUN-003731,1
RUN-003732,1
RUN-003733,1
RUN-003734,1
RUN-003735,1
RUN-003736,1
RUN-003737,1
RUN-003738,1
RUN-003739,1
RUN-003740,1
RUN-003741,1
RUN-003742,1
RUN-003743,1
RUN-003744,1
RUN-003745,1
RUN-003746,1
RUN-003747,0
RUN-003748,1
RUN-003749,1
RUN-003750,1
RUN-003751,1
RUN-003752,1
RUN-003753,1
RUN-003754,1
RUN-003755,1
RUN-003756,1
RUN-003757,0
RUN-003758,1
RUN-003759,1
RUN-003760,1
RUN-003761,1
RUN-003762,1
RUN-003763,1
RUN-003764,1
RUN-003765,1
RUN-003766,1
RUN-003767,1
RUN-003768,1
RUN-003769,1
RUN-003770,1
RUN-003771,1
RUN-003772,1
RUN-003773,1
RUN-003774,1
RUN-003775,1
RUN-003776,1
RUN-003777,1
RUN-003778,1
RUN-003779,1
RUN-003780,1
RUN-003781,1
RUN-003782,1
RUN-003783,0
RUN-003784,1
RUN-003785,1
RUN-003786,1
RUN-003787,1
RUN-003788,1
RUN-003789,1
RUN-003790,1
RUN-003791,1
RUN-003792,1
RUN-003793,1
RUN-003794,1
RUN-003795,1
RUN-003796,1
RUN-003797,1
RUN-003798,1
RUN-003799,1
RUN-003800,1
RUN-003801,1
RUN-003802,1
RUN-003803,1
RUN-003804,1
RUN-003805,1
RUN-003806,1
RUN-003807,1
RUN-003808,1
RUN-003809,1
RUN-003810,1
RUN-003811,1
RUN-003812,1
RUN-003813,1
RUN-003814,1
RUN-003815,1
RUN-003816,1
RUN-003817,1
RUN-003818,1
RUN-003819,1
RUN-003820,1
RUN-003821,1
RUN-003822,1
RUN-003823,1
RUN-003824,1
RUN-003825,1
RUN-003826,0
RUN-003827,1
RUN-003828,1
RUN-003829,1
RUN-003830,1
RUN-003831,0
RUN-003832,1
RUN-003833,1
RUN-003834,1
RUN-003835,1
RUN-003836,1
RUN-003837,1
RUN-003838,1
RUN-003839,1
RUN-003840,1
RUN-003841,1
RUN-003842,1
RUN-003843,1
RUN-003844,1
RUN-003845,1
RUN-003846,1
RUN-003847,1
RUN-003848,1
RUN-003849,1
RUN-003850,1
RUN-003851,1
RUN-003852,1
RUN-003853,1
RUN-003854,1
RUN-003855,0
RUN-003856,1
RUN-003857,1
RUN-003858,1
RUN-003859,1
RUN-003860,0
RUN-003861,1
RUN-003862,1
RUN-003863,1
RUN-003864,1
RUN-003865,1
RUN-003866,1
RUN-003867,1
RUN-003868,0
RUN-003869,1
RUN-003870,1
RUN-003871,1
RUN-003872,1
RUN-003873,1
RUN-003874,1
RUN-003875,1
RUN-003876,1
RUN-003877,1
RUN-003878,1
RUN-003879,1
RUN-003880,1
RUN-003881,1
RUN-003882,1
RUN-003883,1
RUN-003884,1
RUN-003885,1
RUN-003886,0
RUN-003887,1
RUN-003888,1
RUN-003889,1
RUN-003890,1
RUN-003891,1
RUN-003892,1
RUN-003893,1
RUN-003894,1
RUN-003895,1
RUN-003896,1
RUN-003897,1
RUN-003898,1
RUN-003899,1
RUN-003900,1
RUN-003901,1
RUN-003902,1
RUN-003903,1
RUN-003904,1
RUN-003905,1
RUN-003906,1
RUN-003907,1
RUN-003908,1
RUN-003909,1
RUN-003910,1
RUN-003911,1
RUN-003912,1
RUN-003913,1
RUN-003914,1
RUN-003915,1
RUN-003916,1
RUN-003917,1
RUN-003918,1
RUN-003919,1
RUN-003920,1
RUN-003921,1
RUN-003922,1
RUN-003923,1
RUN-003924,1
RUN-003925,1
RUN-003926,1
RUN-003927,1
RUN-003928,1
RUN-003929,1
RUN-003930,0
RUN-003931,1
RUN-003932,1
RUN-003933,1
RUN-003934,1
RUN-003935,1
RUN-003936,1
RUN-003937,1
RUN-003938,1
RUN-003939,1
RUN-003940,1
RUN-003941,1
RUN-003942,1
RUN-003943,1
RUN-003944,1
RUN-003945,1
RUN-003946,1
RUN-003947,1
RUN-003948,1
RUN-003949,1
RUN-003950,1
RUN-003951,1
RUN-003952,1
RUN-003953,1
RUN-003954,1
RUN-003955,1
RUN-003956,1
RUN-003957,1
RUN-003958,1
RUN-003959,1
RUN-003960,1
RUN-003961,1
RUN-003962,1
RUN-003963,1
RUN-003964,0
RUN-003965,1
RUN-003966,1
RUN-003967,1
RUN-003968,1
RUN-003969,0
RUN-003970,1
RUN-003971,1
RUN-003972,1
RUN-003973,1
RUN-003974,1
RUN-003975,1
RUN-003976,1
RUN-003977,1
RUN-003978,1
RUN-003979,1
RUN-003980,1
RUN-003981,1
RUN-003982,1
RUN-003983,1
RUN-003984,1
RUN-003985,1
RUN-003986,1
RUN-003987,1
RUN-003988,1
RUN-003989,1
RUN-003990,1
RUN-003991,1
RUN-003992,1
RUN-003993,1
RUN-003994,1
RUN-003995,1
RUN-003996,1
RUN-003997,1
RUN-003998,1
RUN-003999,1
RUN-004000,1
RUN-004001,1
RUN-004002,1
RUN-004003,1
RUN-004004,1
RUN-004005,1
RUN-004006,1
RUN-004007,1
RUN-004008,1
RUN-004009,1
RUN-004010,1
RUN-004011,1
RUN-004012,1
RUN-004013,1
RUN-004014,1
RUN-004015,1
RUN-004016,1
RUN-004017,1
RUN-004018,1
RUN-004019,1
RUN-004020,1
RUN-004021,1
RUN-004022,1
RUN-004023,1
RUN-004024,1
RUN-004025,1
RUN-004026,0
RUN-004027,1
RUN-004028,1
RUN-004029,1
RUN-004030,1
RUN-004031,1
RUN-004032,1
RUN-004033,1
RUN-004034,1
RUN-004035,1
RUN-004036,1
RUN-004037,1
RUN-004038,1
RUN-004039,1
RUN-004040,1
RUN-004041,1
RUN-004042,1
RUN-004043,1
RUN-004044,1
RUN-004045,1
RUN-004046,1
RUN-004047,1
RUN-004048,1
RUN-004049,1
RUN-004050,1
RUN-004051,1
RUN-004052,1
RUN-004053,1
RUN-004054,1
RUN-004055,1
RUN-004056,1
RUN-004057,1
RUN-004058,1
RUN-004059,1
RUN-004060,1
RUN-004061,1
RUN-004062,1
RUN-004063,1
RUN-004064,1
RUN-004065,1
RUN-004066,1
RUN-004067,1
RUN-004068,1
RUN-004069,1
RUN-004070,1
RUN-004071,1
RUN-004072,1
RUN-004073,1
RUN-004074,1
RUN-004075,1
RUN-004076,1
RUN-004077,1
RUN-004078,1
RUN-004079,1
RUN-004080,1
RUN-004081,1
RUN-004082,1
RUN-004083,1
RUN-004084,1
RUN-004085,1
RUN-004086,1
RUN-004087,1
RUN-004088,1
RUN-004089,1
RUN-004090,1
RUN-004091,1
RUN-004092,1
RUN-004093,1
RUN-004094,1
RUN-004095,1
RUN-004096,1
RUN-004097,1
RUN-004098,1
RUN-004099,1
RUN-004100,1
RUN-004101,1
RUN-004102,1
RUN-004103,1
RUN-004104,1
RUN-004105,1
RUN-004106,1
RUN-004107,1
RUN-004108,1
RUN-004109,1
RUN-004110,1
RUN-004111,1
RUN-004112,1
RUN-004113,1
RUN-004114,1
RUN-004115,1
RUN-004116,1
RUN-004117,1
RUN-004118,1
RUN-004119,1
RUN-004120,1
RUN-004121,1
RUN-004122,1
RUN-004123,1
RUN-004124,0
RUN-004125,1
RUN-004126,1
RUN-004127,1
RUN-004128,1
RUN-004129,1
RUN-004130,1
RUN-004131,1
RUN-004132,1
RUN-004133,1
RUN-004134,1
RUN-004135,1
RUN-004136,1
RUN-004137,1
RUN-004138,1
RUN-004139,1
RUN-004140,1
RUN-004141,1
RUN-004142,1
RUN-004143,1
RUN-004144,1
RUN-004145,1
RUN-004146,1
RUN-004147,1
RUN-004148,1
RUN-004149,1
RUN-004150,1
RUN-004151,1
RUN-004152,1
RUN-004153,1
RUN-004154,1
RUN-004155,1
RUN-004156,1
RUN-004157,1
RUN-004158,1
RUN-004159,1
RUN-004160,1
RUN-004161,1
RUN-004162,1
RUN-004163,1
RUN-004164,1
RUN-004165,1
RUN-004166,1
RUN-004167,1
RUN-004168,1
RUN-004169,1
RUN-004170,1
RUN-004171,1
RUN-004172,1
RUN-004173,1
RUN-004174,1
RUN-004175,1
RUN-004176,1
RUN-004177,1
RUN-004178,1
RUN-004179,1
RUN-004180,1
RUN-004181,1
RUN-004182,1
RUN-004183,1
RUN-004184,1
RUN-004185,1
RUN-004186,1
RUN-004187,1
RUN-004188,1
RUN-004189,0
RUN-004190,1
RUN-004191,1
RUN-004192,1
RUN-004193,1
RUN-004194,1
RUN-004195,1
RUN-004196,1
RUN-004197,1
RUN-004198,1
RUN-004199,1
RUN-004200,1
RUN-004201,1
RUN-004202,1
RUN-004203,1
RUN-004204,1
RUN-004205,1
RUN-004206,1
RUN-004207,1
RUN-004208,1
RUN-004209,1
RUN-004210,1
RUN-004211,1
RUN-004212,1
RUN-004213,1
RUN-004214,1
RUN-004215,1
RUN-004216,1
RUN-004217,1
RUN-004218,1
RUN-004219,1
RUN-004220,1
RUN-004221,1
RUN-004222,0
RUN-004223,1
RUN-004224,1
RUN-004225,1
RUN-004226,1
RUN-004227,1
RUN-004228,1
RUN-004229,1
RUN-004230,1
RUN-004231,1
RUN-004232,1
RUN-004233,1
RUN-004234,1
RUN-004235,1
RUN-004236,1
RUN-004237,1
RUN-004238,1
RUN-004239,1
RUN-004240,1
RUN-004241,1
RUN-004242,1
RUN-004243,1
RUN-004244,1
RUN-004245,1
RUN-004246,1
RUN-004247,1
RUN-004248,1
RUN-004249,1
RUN-004250,1
RUN-004251,1
RUN-004252,1
RUN-004253,1
RUN-004254,1
RUN-004255,1
RUN-004256,1
RUN-004257,1
RUN-004258,1
RUN-004259,1
RUN-004260,1
RUN-004261,1
RUN-004262,1
RUN-004263,1
RUN-004264,1
RUN-004265,1
RUN-004266,1
RUN-004267,1
RUN-004268,1
RUN-004269,1
RUN-004270,1
RUN-004271,0
RUN-004272,1
RUN-004273,1
RUN-004274,1
RUN-004275,1
RUN-004276,1
RUN-004277,1
RUN-004278,1
RUN-004279,1
RUN-004280,1
RUN-004281,1
RUN-004282,1
RUN-004283,1
RUN-004284,1
RUN-004285,1
RUN-004286,1
RUN-004287,1
RUN-004288,1
RUN-004289,1
RUN-004290,1
RUN-004291,1
RUN-004292,1
RUN-004293,1
RUN-004294,1
RUN-004295,1
RUN-004296,1
RUN-004297,1
RUN-004298,0
RUN-004299,1
RUN-004300,1
RUN-004301,1
RUN-004302,0
RUN-004303,1
RUN-004304,1
RUN-004305,1
RUN-004306,1
RUN-004307,0
RUN-004308,1
RUN-004309,1
RUN-004310,1
RUN-004311,1
RUN-004312,1
RUN-004313,1
RUN-004314,1
RUN-004315,1
RUN-004316,1
RUN-004317,1
RUN-004318,1
RUN-004319,1
RUN-004320,1
RUN-004321,1
RUN-004322,1
RUN-004323,1
RUN-004324,1
RUN-004325,1
RUN-004326,1
RUN-004327,1
RUN-004328,1
RUN-004329,1
RUN-004330,1
RUN-004331,1
RUN-004332,1
RUN-004333,1
RUN-004334,1
RUN-004335,1
RUN-004336,0
RUN-004337,1
RUN-004338,1
RUN-004339,1
RUN-004340,1
RUN-004341,1
RUN-004342,1
RUN-004343,1
RUN-004344,1
RUN-004345,1
RUN-004346,1
RUN-004347,1
RUN-004348,1
RUN-004349,1
RUN-004350,1
RUN-004351,1
RUN-004352,1
RUN-004353,1
RUN-004354,1
RUN-004355,1
RUN-004356,1
RUN-004357,1
RUN-004358,1
RUN-004359,1
RUN-004360,1
RUN-004361,1
RUN-004362,1
RUN-004363,1
RUN-004364,1
RUN-004365,1
RUN-004366,0
RUN-004367,1
RUN-004368,1
RUN-004369,1
RUN-004370,0
RUN-004371,1
RUN-004372,1
RUN-004373,1
RUN-004374,1
RUN-004375,1
RUN-004376,1
RUN-004377,1
RUN-004378,1
RUN-004379,1
RUN-004380,1
RUN-004381,1
RUN-004382,1
RUN-004383,1
RUN-004384,1
RUN-004385,1
RUN-004386,1
RUN-004387,1
RUN-004388,1
RUN-004389,1
RUN-004390,1
RUN-004391,1
RUN-004392,1
RUN-004393,1
RUN-004394,1
RUN-004395,1
RUN-004396,1
RUN-004397,1
RUN-004398,0
RUN-004399,1
RUN-004400,0
RUN-004401,1
RUN-004402,1
RUN-004403,1
RUN-004404,1
RUN-004405,1
RUN-004406,1
RUN-004407,1
RUN-004408,1
RUN-004409,1
RUN-004410,1
RUN-004411,1
RUN-004412,1
RUN-004413,1
RUN-004414,1
RUN-004415,1
RUN-004416,1
RUN-004417,1
RUN-004418,1
RUN-004419,1
RUN-004420,1
RUN-004421,1
RUN-004422,1
RUN-004423,1
RUN-004424,1
RUN-004425,1
RUN-004426,1
RUN-004427,1
RUN-004428,1
RUN-004429,1
RUN-004430,1
RUN-004431,1
RUN-004432,1
RUN-004433,1
RUN-004434,1
RUN-004435,1
RUN-004436,1
RUN-004437,1
RUN-004438,1
RUN-004439,1
RUN-004440,1
RUN-004441,1
RUN-004442,1
RUN-004443,1
RUN-004444,1
RUN-004445,1
RUN-004446,1
RUN-004447,1
RUN-004448,1
RUN-004449,1
RUN-004450,1
RUN-004451,1
RUN-004452,1
RUN-004453,1
RUN-004454,1
RUN-004455,1
RUN-004456,1
RUN-004457,1
RUN-004458,1
RUN-004459,1
RUN-004460,1
RUN-004461,1
RUN-004462,0
RUN-004463,1
RUN-004464,1
RUN-004465,1
RUN-004466,1
RUN-004467,1
RUN-004468,1
RUN-004469,1
RUN-004470,1
RUN-004471,1
RUN-004472,1
RUN-004473,1
RUN-004474,1
RUN-004475,0
RUN-004476,1
RUN-004477,1
RUN-004478,1
RUN-004479,1
RUN-004480,1
RUN-004481,1
RUN-004482,1
RUN-004483,1
RUN-004484,1
RUN-004485,1
RUN-004486,1
RUN-004487,1
RUN-004488,1
RUN-004489,1
RUN-004490,1
RUN-004491,1
RUN-004492,0
RUN-004493,1
RUN-004494,1
RUN-004495,1
RUN-004496,1
RUN-004497,1
RUN-004498,1
RUN-004499,1
RUN-004500,1
RUN-004501,1
RUN-004502,1
RUN-004503,1
RUN-004504,1
RUN-004505,1
RUN-004506,1
RUN-004507,1
RUN-004508,1
RUN-004509,1
RUN-004510,1
RUN-004511,1
RUN-004512,1
RUN-004513,1
RUN-004514,1
RUN-004515,1
RUN-004516,1
RUN-004517,1
RUN-004518,1
RUN-004519,1
RUN-004520,1
RUN-004521,1
RUN-004522,1
RUN-004523,1
RUN-004524,1
RUN-004525,1
RUN-004526,1
RUN-004527,1
RUN-004528,1
RUN-004529,1
RUN-004530,1
RUN-004531,1
RUN-004532,1
RUN-004533,1
RUN-004534,0
RUN-004535,1
RUN-004536,1
RUN-004537,0
RUN-004538,1
RUN-004539,1
RUN-004540,1
RUN-004541,1
RUN-004542,1
RUN-004543,1
RUN-004544,1
RUN-004545,1
RUN-004546,1
RUN-004547,1
RUN-004548,1
RUN-004549,1
RUN-004550,1
RUN-004551,1
RUN-004552,1
RUN-004553,1
RUN-004554,1
RUN-004555,1
RUN-004556,1
RUN-004557,1
RUN-004558,1
RUN-004559,1
RUN-004560,1
RUN-004561,1
RUN-004562,1
RUN-004563,1
RUN-004564,1
RUN-004565,1
RUN-004566,1
RUN-004567,1
RUN-004568,1
RUN-004569,1
RUN-004570,1
RUN-004571,1
RUN-004572,1
RUN-004573,1
RUN-004574,1
RUN-004575,1
RUN-004576,1
RUN-004577,1
RUN-004578,1
RUN-004579,1
RUN-004580,1
RUN-004581,1
RUN-004582,0
RUN-004583,1
RUN-004584,1
RUN-004585,1
RUN-004586,1
RUN-004587,1
RUN-004588,1
RUN-004589,1
RUN-004590,1
RUN-004591,1
RUN-004592,1
RUN-004593,1
RUN-004594,1
RUN-004595,1
RUN-004596,1
RUN-004597,1
RUN-004598,1
RUN-004599,1
RUN-004600,1
RUN-004601,1
RUN-004602,1
RUN-004603,1
RUN-004604,1
RUN-004605,1
RUN-004606,1
RUN-004607,1
RUN-004608,0
RUN-004609,1
RUN-004610,1
RUN-004611,1
RUN-004612,1
RUN-004613,1
RUN-004614,1
RUN-004615,1
RUN-004616,1
RUN-004617,1
RUN-004618,1
RUN-004619,1
RUN-004620,1
RUN-004621,0
RUN-004622,1
RUN-004623,1
RUN-004624,1
RUN-004625,1
RUN-004626,1
RUN-004627,1
RUN-004628,1
RUN-004629,1
RUN-004630,0
RUN-004631,1
RUN-004632,1
RUN-004633,1
RUN-004634,1
RUN-004635,1
RUN-004636,1
RUN-004637,1
RUN-004638,1
RUN-004639,1
RUN-004640,1
RUN-004641,1
RUN-004642,1
RUN-004643,1
RUN-004644,1
RUN-004645,1
RUN-004646,1
RUN-004647,1
RUN-004648,1
RUN-004649,1
RUN-004650,1
RUN-004651,1
RUN-004652,1
RUN-004653,1
RUN-004654,1
RUN-004655,1
RUN-004656,1
RUN-004657,1
RUN-004658,1
RUN-004659,1
RUN-004660,1
RUN-004661,1
RUN-004662,1
RUN-004663,1
RUN-004664,1
RUN-004665,1
RUN-004666,1
RUN-004667,1
RUN-004668,1
RUN-004669,1
RUN-004670,1
RUN-004671,1
RUN-004672,1
RUN-004673,1
RUN-004674,1
RUN-004675,1
RUN-004676,1
RUN-004677,1
RUN-004678,1
RUN-004679,1
RUN-004680,1
RUN-004681,1
RUN-004682,1
RUN-004683,1
RUN-004684,1
RUN-004685,1
RUN-004686,1
RUN-004687,1
RUN-004688,1
RUN-004689,1
RUN-004690,1
RUN-004691,1
RUN-004692,1
RUN-004693,1
RUN-004694,1
RUN-004695,1
RUN-004696,1
RUN-004697,1
RUN-004698,1
RUN-004699,1
RUN-004700,1
RUN-004701,1
RUN-004702,1
RUN-004703,1
RUN-004704,1
RUN-004705,1
RUN-004706,1
RUN-004707,1
RUN-004708,1
RUN-004709,1
RUN-004710,1
RUN-004711,1
RUN-004712,1
RUN-004713,1
RUN-004714,1
RUN-004715,1
RUN-004716,1
RUN-004717,1
RUN-004718,1
RUN-004719,1
RUN-004720,1
RUN-004721,1
RUN-004722,1
RUN-004723,1
RUN-004724,1
RUN-004725,1
RUN-004726,1
RUN-004727,1
RUN-004728,1
RUN-004729,1
RUN-004730,1
RUN-004731,1
RUN-004732,1
RUN-004733,1
RUN-004734,1
RUN-004735,1
RUN-004736,1
RUN-004737,1
RUN-004738,1
RUN-004739,1
RUN-004740,1
RUN-004741,1
RUN-004742,1
RUN-004743,1
RUN-004744,1
RUN-004745,1
RUN-004746,1
RUN-004747,1
RUN-004748,1
RUN-004749,1
RUN-004750,1
RUN-004751,1
RUN-004752,1
RUN-004753,1
RUN-004754,1
RUN-004755,1
RUN-004756,1
RUN-004757,1
RUN-004758,1
RUN-004759,1
RUN-004760,1
RUN-004761,1
RUN-004762,1
RUN-004763,1
RUN-004764,0
RUN-004765,1
RUN-004766,1
RUN-004767,1
RUN-004768,1
RUN-004769,1
RUN-004770,1
RUN-004771,1
RUN-004772,1
RUN-004773,1
RUN-004774,1
RUN-004775,1
RUN-004776,1
RUN-004777,1
RUN-004778,1
RUN-004779,1
RUN-004780,1
RUN-004781,1
RUN-004782,1
RUN-004783,1
RUN-004784,1
RUN-004785,1
RUN-004786,1
RUN-004787,1
RUN-004788,1
RUN-004789,1
RUN-004790,1
RUN-004791,1
RUN-004792,1
RUN-004793,1
RUN-004794,1
RUN-004795,1
RUN-004796,1
RUN-004797,1
RUN-004798,1
RUN-004799,1
RUN-004800,1
RUN-004801,0
RUN-004802,1
RUN-004803,1
RUN-004804,1
RUN-004805,1
RUN-004806,1
RUN-004807,1
RUN-004808,1
RUN-004809,1
RUN-004810,1
RUN-004811,1
RUN-004812,1
RUN-004813,1
RUN-004814,1
RUN-004815,1
RUN-004816,1
RUN-004817,1
RUN-004818,1
RUN-004819,1
RUN-004820,1
RUN-004821,1
RUN-004822,1
RUN-004823,1
RUN-004824,1
RUN-004825,1
RUN-004826,1
RUN-004827,1
RUN-004828,1
RUN-004829,1
RUN-004830,1
RUN-004831,1
RUN-004832,1
RUN-004833,1
RUN-004834,1
RUN-004835,1
RUN-004836,1
RUN-004837,1
RUN-004838,1
RUN-004839,1
RUN-004840,1
RUN-004841,1
RUN-004842,1
RUN-004843,1
RUN-004844,1
RUN-004845,1
RUN-004846,1
RUN-004847,1
RUN-004848,1
RUN-004849,1
RUN-004850,1
RUN-004851,1
RUN-004852,1
RUN-004853,0
RUN-004854,1
RUN-004855,1
RUN-004856,1
RUN-004857,0
RUN-004858,1
RUN-004859,1
RUN-004860,1
RUN-004861,1
RUN-004862,1
RUN-004863,1
RUN-004864,1
RUN-004865,1
RUN-004866,1
RUN-004867,1
RUN-004868,1
RUN-004869,1
RUN-004870,1
RUN-004871,1
RUN-004872,1
RUN-004873,1
RUN-004874,1
RUN-004875,1
RUN-004876,1
RUN-004877,1
RUN-004878,1
RUN-004879,1
RUN-004880,1
RUN-004881,1
RUN-004882,1
RUN-004883,1
RUN-004884,1
RUN-004885,1
RUN-004886,1
RUN-004887,1
RUN-004888,1
RUN-004889,1
RUN-004890,1
RUN-004891,1
RUN-004892,1
RUN-004893,1
RUN-004894,1
RUN-004895,1
RUN-004896,1
RUN-004897,1
RUN-004898,1
RUN-004899,1
RUN-004900,1
RUN-004901,1
RUN-004902,1
RUN-004903,1
RUN-004904,1
RUN-004905,1
RUN-004906,1
RUN-004907,1
RUN-004908,1
RUN-004909,1
RUN-004910,1
RUN-004911,1
RUN-004912,1
RUN-004913,1
RUN-004914,1
RUN-004915,1
RUN-004916,1
RUN-004917,1
RUN-004918,1
RUN-004919,1
RUN-004920,0
RUN-004921,1
RUN-004922,1
RUN-004923,0
RUN-004924,1
RUN-004925,1
RUN-004926,1
RUN-004927,1
RUN-004928,1
RUN-004929,1
RUN-004930,1
RUN-004931,1
RUN-004932,1
RUN-004933,1
RUN-004934,1
RUN-004935,1
RUN-004936,1
RUN-004937,1
RUN-004938,1
RUN-004939,1
RUN-004940,1
RUN-004941,1
RUN-004942,1
RUN-004943,1
RUN-004944,1
RUN-004945,1
RUN-004946,1
RUN-004947,1
RUN-004948,1
RUN-004949,1
RUN-004950,1
RUN-004951,1
RUN-004952,1
RUN-004953,1
RUN-004954,1
RUN-004955,1
RUN-004956,1
RUN-004957,1
RUN-004958,1
RUN-004959,1
RUN-004960,1
RUN-004961,1
RUN-004962,1
RUN-004963,1
RUN-004964,1
RUN-004965,1
RUN-004966,1
RUN-004967,1
RUN-004968,1
RUN-004969,1
RUN-004970,1
RUN-004971,1
RUN-004972,1
RUN-004973,1
RUN-004974,1
RUN-004975,1
RUN-004976,1
RUN-004977,1
RUN-004978,1
RUN-004979,1
RUN-004980,1
RUN-004981,1
RUN-004982,1
RUN-004983,1
RUN-004984,1
RUN-004985,1
RUN-004986,1
RUN-004987,1
RUN-004988,1
RUN-004989,1
RUN-004990,1
RUN-004991,1
RUN-004992,1
RUN-004993,1
RUN-004994,1
RUN-004995,1
RUN-004996,1
RUN-004997,1
RUN-004998,1
RUN-004999,1
RUN-005000,1
RUN-005001,1
RUN-005002,1
RUN-005003,1
RUN-005004,1
RUN-005005,1
RUN-005006,1
RUN-005007,1
RUN-005008,1
RUN-005009,1
RUN-005010,1
RUN-005011,1
RUN-005012,1
RUN-005013,1
RUN-005014,1
RUN-005015,1
RUN-005016,1
RUN-005017,1
RUN-005018,1
RUN-005019,1
RUN-005020,1
RUN-005021,1
RUN-005022,1
RUN-005023,1
RUN-005024,1
RUN-005025,1
RUN-005026,1
RUN-005027,0
RUN-005028,1
RUN-005029,1
RUN-005030,1
RUN-005031,1
RUN-005032,1
RUN-005033,1
RUN-005034,1
RUN-005035,1
RUN-005036,1
RUN-005037,1
RUN-005038,1
RUN-005039,1
RUN-005040,1
RUN-005041,1
RUN-005042,1
RUN-005043,1
RUN-005044,1
RUN-005045,1
RUN-005046,1
RUN-005047,1
RUN-005048,0
RUN-005049,1
RUN-005050,1
RUN-005051,0
RUN-005052,1
RUN-005053,1
RUN-005054,1
RUN-005055,1
RUN-005056,1
RUN-005057,1
RUN-005058,1
RUN-005059,1
RUN-005060,1
RUN-005061,1
RUN-005062,1
RUN-005063,1
RUN-005064,1
RUN-005065,1
RUN-005066,1
RUN-005067,1
RUN-005068,1
RUN-005069,1
RUN-005070,0
RUN-005071,1
RUN-005072,1
RUN-005073,1
RUN-005074,1
RUN-005075,1
RUN-005076,1
RUN-005077,1
RUN-005078,1
RUN-005079,1
RUN-005080,1
RUN-005081,1
RUN-005082,1
RUN-005083,1
RUN-005084,1
RUN-005085,1
RUN-005086,1
RUN-005087,1
RUN-005088,1
RUN-005089,1
RUN-005090,1
RUN-005091,1
RUN-005092,1
RUN-005093,1
RUN-005094,1
RUN-005095,0
RUN-005096,1
RUN-005097,1
RUN-005098,1
RUN-005099,1
RUN-005100,1
RUN-005101,1
RUN-005102,1
RUN-005103,1
RUN-005104,1
RUN-005105,1
RUN-005106,1
RUN-005107,1
RUN-005108,1
RUN-005109,1
RUN-005110,1
RUN-005111,1
RUN-005112,1
RUN-005113,1
RUN-005114,1
RUN-005115,1
RUN-005116,1
RUN-005117,1
RUN-005118,1
RUN-005119,1
RUN-005120,1
RUN-005121,1
RUN-005122,1
RUN-005123,1
RUN-005124,1
RUN-005125,1
RUN-005126,1
RUN-005127,1
RUN-005128,1
RUN-005129,1
RUN-005130,1
RUN-005131,1
RUN-005132,1
RUN-005133,1
RUN-005134,1
RUN-005135,1
RUN-005136,1
RUN-005137,1
RUN-005138,1
RUN-005139,1
RUN-005140,1
RUN-005141,1
RUN-005142,1
RUN-005143,1
RUN-005144,1
RUN-005145,1
RUN-005146,1
RUN-005147,1
RUN-005148,1
RUN-005149,1
RUN-005150,1
RUN-005151,1
RUN-005152,0
RUN-005153,1
RUN-005154,1
RUN-005155,1
RUN-005156,1
RUN-005157,1
RUN-005158,1
RUN-005159,1
RUN-005160,1
RUN-005161,1
RUN-005162,1
RUN-005163,1
RUN-005164,1
RUN-005165,1
RUN-005166,1
RUN-005167,0
RUN-005168,1
RUN-005169,0
RUN-005170,1
RUN-005171,1
RUN-005172,1
RUN-005173,1
RUN-005174,1
RUN-005175,1
RUN-005176,1
RUN-005177,1
RUN-005178,1
RUN-005179,1
RUN-005180,1
RUN-005181,1
RUN-005182,0
RUN-005183,1
RUN-005184,1
RUN-005185,1
RUN-005186,1
RUN-005187,0
RUN-005188,1
RUN-005189,1
RUN-005190,1
RUN-005191,1
RUN-005192,1
RUN-005193,1
RUN-005194,1
RUN-005195,1
RUN-005196,1
RUN-005197,1
RUN-005198,1
RUN-005199,1
RUN-005200,1
RUN-005201,1
RUN-005202,1
RUN-005203,1
RUN-005204,1
RUN-005205,1
RUN-005206,1
RUN-005207,1
RUN-005208,1
RUN-005209,1
RUN-005210,1
RUN-005211,1
RUN-005212,1
RUN-005213,1
RUN-005214,1
RUN-005215,1
RUN-005216,1
RUN-005217,1
RUN-005218,1
RUN-005219,1
RUN-005220,1
RUN-005221,1
RUN-005222,1
RUN-005223,1
RUN-005224,1
RUN-005225,1
RUN-005226,1
RUN-005227,1
RUN-005228,1
RUN-005229,1
RUN-005230,1
RUN-005231,1
RUN-005232,1
RUN-005233,1
RUN-005234,1
RUN-005235,1
RUN-005236,1
RUN-005237,1
RUN-005238,1
RUN-005239,1
RUN-005240,1
RUN-005241,1
RUN-005242,1
RUN-005243,1
RUN-005244,1
RUN-005245,1
RUN-005246,1
RUN-005247,1
RUN-005248,1
RUN-005249,1
RUN-005250,1
RUN-005251,1
RUN-005252,1
RUN-005253,1
RUN-005254,1
RUN-005255,1
RUN-005256,1
RUN-005257,1
RUN-005258,1
RUN-005259,1
RUN-005260,1
RUN-005261,1
RUN-005262,1
RUN-005263,1
RUN-005264,1
RUN-005265,1
RUN-005266,1
RUN-005267,1
RUN-005268,1
RUN-005269,1
RUN-005270,1
RUN-005271,1
RUN-005272,1
RUN-005273,1
RUN-005274,1
RUN-005275,1
RUN-005276,1
RUN-005277,1
RUN-005278,1
RUN-005279,1
RUN-005280,0
RUN-005281,1
RUN-005282,1
RUN-005283,1
RUN-005284,1
RUN-005285,1
RUN-005286,1
RUN-005287,1
RUN-005288,1
RUN-005289,1
RUN-005290,1
RUN-005291,1
RUN-005292,1
RUN-005293,1
RUN-005294,1
RUN-005295,1
RUN-005296,1
RUN-005297,1
RUN-005298,1
RUN-005299,1
RUN-005300,1
RUN-005301,1
RUN-005302,1
RUN-005303,1
RUN-005304,1
RUN-005305,1
RUN-005306,1
RUN-005307,1
RUN-005308,1
RUN-005309,1
RUN-005310,1
RUN-005311,1
RUN-005312,1
RUN-005313,1
RUN-005314,1
RUN-005315,1
RUN-005316,1
RUN-005317,1
RUN-005318,1
RUN-005319,1
RUN-005320,1
RUN-005321,1
RUN-005322,1
RUN-005323,1
RUN-005324,1
RUN-005325,1
RUN-005326,1
RUN-005327,1
RUN-005328,1
RUN-005329,1
RUN-005330,1
RUN-005331,1
RUN-005332,1
RUN-005333,1
RUN-005334,1
RUN-005335,1
RUN-005336,1
RUN-005337,1
RUN-005338,1
RUN-005339,1
RUN-005340,1
RUN-005341,1
RUN-005342,1
RUN-005343,0
RUN-005344,1
RUN-005345,1
RUN-005346,1
RUN-005347,1
RUN-005348,1
RUN-005349,1
RUN-005350,1
RUN-005351,1
RUN-005352,1
RUN-005353,1
RUN-005354,0
RUN-005355,1
RUN-005356,1
RUN-005357,1
RUN-005358,1
RUN-005359,1
RUN-005360,1
RUN-005361,1
RUN-005362,1
RUN-005363,1
RUN-005364,1
RUN-005365,1
RUN-005366,1
RUN-005367,1
RUN-005368,1
RUN-005369,1
RUN-005370,1
RUN-005371,1
RUN-005372,1
RUN-005373,1
RUN-005374,0
RUN-005375,1
RUN-005376,1
RUN-005377,1
RUN-005378,1
RUN-005379,1
RUN-005380,1
RUN-005381,1
RUN-005382,1
RUN-005383,1
RUN-005384,1
RUN-005385,1
RUN-005386,1
RUN-005387,1
RUN-005388,1
RUN-005389,1
RUN-005390,1
RUN-005391,1
RUN-005392,1
RUN-005393,1
RUN-005394,1
RUN-005395,1
RUN-005396,1
RUN-005397,1
RUN-005398,1
RUN-005399,1
RUN-005400,1
RUN-005401,1
RUN-005402,1
RUN-005403,1
RUN-005404,1
RUN-005405,1
RUN-005406,1
RUN-005407,1
RUN-005408,1
RUN-005409,1
RUN-005410,1
RUN-005411,1
RUN-005412,1
RUN-005413,1
RUN-005414,1
RUN-005415,1
RUN-005416,1
RUN-005417,1
RUN-005418,1
RUN-005419,1
RUN-005420,1
RUN-005421,1
RUN-005422,1
RUN-005423,1
RUN-005424,1
RUN-005425,1
RUN-005426,1
RUN-005427,1
RUN-005428,1
RUN-005429,0
RUN-005430,1
RUN-005431,1
RUN-005432,1
RUN-005433,1
RUN-005434,1
RUN-005435,1
RUN-005436,1
RUN-005437,1
RUN-005438,0
RUN-005439,1
RUN-005440,1
RUN-005441,1
RUN-005442,1
RUN-005443,1
RUN-005444,1
RUN-005445,1
RUN-005446,1
RUN-005447,1
RUN-005448,0
RUN-005449,1
RUN-005450,1
RUN-005451,1
RUN-005452,1
RUN-005453,1
RUN-005454,1
RUN-005455,1
RUN-005456,1
RUN-005457,1
RUN-005458,1
RUN-005459,1
RUN-005460,1
RUN-005461,1
RUN-005462,1
RUN-005463,1
RUN-005464,1
RUN-005465,1
RUN-005466,1
RUN-005467,1
RUN-005468,1
RUN-005469,1
RUN-005470,1
RUN-005471,1
RUN-005472,1
RUN-005473,1
RUN-005474,1
RUN-005475,1
RUN-005476,1
RUN-005477,1
RUN-005478,1
RUN-005479,1
RUN-005480,1
RUN-005481,1
RUN-005482,1
RUN-005483,1
RUN-005484,1
RUN-005485,1
RUN-005486,1
RUN-005487,1
RUN-005488,1
RUN-005489,1
RUN-005490,1
RUN-005491,1
RUN-005492,1
RUN-005493,1
RUN-005494,1
RUN-005495,1
RUN-005496,1
RUN-005497,1
RUN-005498,1
RUN-005499,1
RUN-005500,1
RUN-005501,1
RUN-005502,1
RUN-005503,1
RUN-005504,1
RUN-005505,1
RUN-005506,1
RUN-005507,1
RUN-005508,1
RUN-005509,1
RUN-005510,1
RUN-005511,1
RUN-005512,1
RUN-005513,1
RUN-005514,1
RUN-005515,1
RUN-005516,1
RUN-005517,1
RUN-005518,1
RUN-005519,1
RUN-005520,1
RUN-005521,1
RUN-005522,1
RUN-005523,1
RUN-005524,1
RUN-005525,1
RUN-005526,1
RUN-005527,1
RUN-005528,1
RUN-005529,1
RUN-005530,1
RUN-005531,1
RUN-005532,1
RUN-005533,1
RUN-005534,1
RUN-005535,1
RUN-005536,1
RUN-005537,1
RUN-005538,1
RUN-005539,1
RUN-005540,1
RUN-005541,1
RUN-005542,1
RUN-005543,1
RUN-005544,1
RUN-005545,1
RUN-005546,0
RUN-005547,1
RUN-005548,1
RUN-005549,1
RUN-005550,1
RUN-005551,1
RUN-005552,1
RUN-005553,1
RUN-005554,1
RUN-005555,1
RUN-005556,1
RUN-005557,1
RUN-005558,1
RUN-005559,1
RUN-005560,1
RUN-005561,1
RUN-005562,1
RUN-005563,1
RUN-005564,1
RUN-005565,1
RUN-005566,0
RUN-005567,1
RUN-005568,1
RUN-005569,1
RUN-005570,1
RUN-005571,1
RUN-005572,0
RUN-005573,1
RUN-005574,1
RUN-005575,1
RUN-005576,1
RUN-005577,1
RUN-005578,1
RUN-005579,1
RUN-005580,1
RUN-005581,1
RUN-005582,1
RUN-005583,1
RUN-005584,1
RUN-005585,1
RUN-005586,1
RUN-005587,1
RUN-005588,1
RUN-005589,1
RUN-005590,1
RUN-005591,1
RUN-005592,1
RUN-005593,1
RUN-005594,0
RUN-005595,1
RUN-005596,1
RUN-005597,1
RUN-005598,1
RUN-005599,1
RUN-005600,1
RUN-005601,1
RUN-005602,1
RUN-005603,1
RUN-005604,1
RUN-005605,1
RUN-005606,1
RUN-005607,1
RUN-005608,1
RUN-005609,1
RUN-005610,1
RUN-005611,1
RUN-005612,1
RUN-005613,1
RUN-005614,1
RUN-005615,1
RUN-005616,1
RUN-005617,1
RUN-005618,1
RUN-005619,1
RUN-005620,1
RUN-005621,1
RUN-005622,1
RUN-005623,1
RUN-005624,1
RUN-005625,1
RUN-005626,1
RUN-005627,1
RUN-005628,1
RUN-005629,1
RUN-005630,1
RUN-005631,1
RUN-005632,0
RUN-005633,1
RUN-005634,1
RUN-005635,1
RUN-005636,1
RUN-005637,1
RUN-005638,1
RUN-005639,1
RUN-005640,1
RUN-005641,1
RUN-005642,1
RUN-005643,1
RUN-005644,1
RUN-005645,1
RUN-005646,1
RUN-005647,1
RUN-005648,1
RUN-005649,1
RUN-005650,1
RUN-005651,1
RUN-005652,1
RUN-005653,1
RUN-005654,1
RUN-005655,1
RUN-005656,1
RUN-005657,1
RUN-005658,0
RUN-005659,1
RUN-005660,1
RUN-005661,1
RUN-005662,1
RUN-005663,1
RUN-005664,1
RUN-005665,1
RUN-005666,1
RUN-005667,1
RUN-005668,1
RUN-005669,1
RUN-005670,1
RUN-005671,1
RUN-005672,1
RUN-005673,1
RUN-005674,1
RUN-005675,1
RUN-005676,1
RUN-005677,1
RUN-005678,1
RUN-005679,1
RUN-005680,1
RUN-005681,1
RUN-005682,1
RUN-005683,1
RUN-005684,1
RUN-005685,1
RUN-005686,1
RUN-005687,1
RUN-005688,1
RUN-005689,1
RUN-005690,1
RUN-005691,1
RUN-005692,0
RUN-005693,1
RUN-005694,1
RUN-005695,1
RUN-005696,1
RUN-005697,1
RUN-005698,1
RUN-005699,1
RUN-005700,1
RUN-005701,1
RUN-005702,1
RUN-005703,1
RUN-005704,1
RUN-005705,1
RUN-005706,1
RUN-005707,1
RUN-005708,1
RUN-005709,1
RUN-005710,1
RUN-005711,0
RUN-005712,1
RUN-005713,1
RUN-005714,1
RUN-005715,1
RUN-005716,1
RUN-005717,1
RUN-005718,1
RUN-005719,1
RUN-005720,1
RUN-005721,1
RUN-005722,1
RUN-005723,1
RUN-005724,1
RUN-005725,1
RUN-005726,1
RUN-005727,1
RUN-005728,1
RUN-005729,1
RUN-005730,1
RUN-005731,1
RUN-005732,1
RUN-005733,1
RUN-005734,1
RUN-005735,1
RUN-005736,1
RUN-005737,1
RUN-005738,1
RUN-005739,1
RUN-005740,0
RUN-005741,1
RUN-005742,1
RUN-005743,1
RUN-005744,1
RUN-005745,1
RUN-005746,1
RUN-005747,1
RUN-005748,1
RUN-005749,1
RUN-005750,1
RUN-005751,1
RUN-005752,1
RUN-005753,1
RUN-005754,1
RUN-005755,1
RUN-005756,1
RUN-005757,1
RUN-005758,1
RUN-005759,0
RUN-005760,1
RUN-005761,1
RUN-005762,1
RUN-005763,1
RUN-005764,0
RUN-005765,1
RUN-005766,1
RUN-005767,1
RUN-005768,1
RUN-005769,1
RUN-005770,1
RUN-005771,1
RUN-005772,1
RUN-005773,1
RUN-005774,1
RUN-005775,1
RUN-005776,1
RUN-005777,1
RUN-005778,1
RUN-005779,1
RUN-005780,1
RUN-005781,1
RUN-005782,1
RUN-005783,1
RUN-005784,1
RUN-005785,1
RUN-005786,1
RUN-005787,1
RUN-005788,1
RUN-005789,1
RUN-005790,1
RUN-005791,1
RUN-005792,1
RUN-005793,1
RUN-005794,1
RUN-005795,1
RUN-005796,1
RUN-005797,1
RUN-005798,1
RUN-005799,1
RUN-005800,1
RUN-005801,1
RUN-005802,1
RUN-005803,1
RUN-005804,1
RUN-005805,1
RUN-005806,1
RUN-005807,1
RUN-005808,1
RUN-005809,1
RUN-005810,1
RUN-005811,1
RUN-005812,1
RUN-005813,1
RUN-005814,1
RUN-005815,1
RUN-005816,1
RUN-005817,1
RUN-005818,1
RUN-005819,1
RUN-005820,1
RUN-005821,1
RUN-005822,1
RUN-005823,1
RUN-005824,1
RUN-005825,1
RUN-005826,1
RUN-005827,1
RUN-005828,1
RUN-005829,1
RUN-005830,1
RUN-005831,1
RUN-005832,1
RUN-005833,1
RUN-005834,1
RUN-005835,1
RUN-005836,1
RUN-005837,1
RUN-005838,1
RUN-005839,1
RUN-005840,1
RUN-005841,1
RUN-005842,1
RUN-005843,1
RUN-005844,1
RUN-005845,1
RUN-005846,1
RUN-005847,1
RUN-005848,1
RUN-005849,1
RUN-005850,1
RUN-005851,1
RUN-005852,1
RUN-005853,1
RUN-005854,1
RUN-005855,1
RUN-005856,1
RUN-005857,1
RUN-005858,1
RUN-005859,1
RUN-005860,1
RUN-005861,1
RUN-005862,1
RUN-005863,1
RUN-005864,1
RUN-005865,1
RUN-005866,1
RUN-005867,1
RUN-005868,1
RUN-005869,1
RUN-005870,1
RUN-005871,1
RUN-005872,1
RUN-005873,1
RUN-005874,1
RUN-005875,1
RUN-005876,1
RUN-005877,1
RUN-005878,1
RUN-005879,1
RUN-005880,1
RUN-005881,1
RUN-005882,1
RUN-005883,1
RUN-005884,1
RUN-005885,1
RUN-005886,1
RUN-005887,1
RUN-005888,1
RUN-005889,1
RUN-005890,1
RUN-005891,1
RUN-005892,1
RUN-005893,1
RUN-005894,1
RUN-005895,1
RUN-005896,1
RUN-005897,1
RUN-005898,0
RUN-005899,1
RUN-005900,1
RUN-005901,1
RUN-005902,1
RUN-005903,1
RUN-005904,1
RUN-005905,1
RUN-005906,1
RUN-005907,1
RUN-005908,1
RUN-005909,1
RUN-005910,1
RUN-005911,0
RUN-005912,1
RUN-005913,1
RUN-005914,1
RUN-005915,1
RUN-005916,1
RUN-005917,1
RUN-005918,1
RUN-005919,1
RUN-005920,1
RUN-005921,1
RUN-005922,1
RUN-005923,1
RUN-005924,1
RUN-005925,1
RUN-005926,1
RUN-005927,1
RUN-005928,1
RUN-005929,1
RUN-005930,1
RUN-005931,1
RUN-005932,1
RUN-005933,1
RUN-005934,1
RUN-005935,1
RUN-005936,1
RUN-005937,1
RUN-005938,1
RUN-005939,1
RUN-005940,1
RUN-005941,1
RUN-005942,1
RUN-005943,1
RUN-005944,1
RUN-005945,1
RUN-005946,1
RUN-005947,1
RUN-005948,1
RUN-005949,1
RUN-005950,1
RUN-005951,1
RUN-005952,1
RUN-005953,1
RUN-005954,1
RUN-005955,1
RUN-005956,1
RUN-005957,1
RUN-005958,1
RUN-005959,0
RUN-005960,1
RUN-005961,1
RUN-005962,1
RUN-005963,1
RUN-005964,1
RUN-005965,1
RUN-005966,1
RUN-005967,1
RUN-005968,1
RUN-005969,1
RUN-005970,1
RUN-005971,1
RUN-005972,0
RUN-005973,1
RUN-005974,1
RUN-005975,1
RUN-005976,1
RUN-005977,1
RUN-005978,1
RUN-005979,1
RUN-005980,1
RUN-005981,1
RUN-005982,1
RUN-005983,1
RUN-005984,1
RUN-005985,1
RUN-005986,1
RUN-005987,1
RUN-005988,1
RUN-005989,1
RUN-005990,1
RUN-005991,1
RUN-005992,1
RUN-005993,1
RUN-005994,1
RUN-005995,1
RUN-005996,1
RUN-005997,1
RUN-005998,1
RUN-005999,1
RUN-006000,1
RUN-006001,1
RUN-006002,1
RUN-006003,1
RUN-006004,1
RUN-006005,1
RUN-006006,1
RUN-006007,1
RUN-006008,1
RUN-006009,1
RUN-006010,1
RUN-006011,1
RUN-006012,1
RUN-006013,1
RUN-006014,1
RUN-006015,1
RUN-006016,1
RUN-006017,1
RUN-006018,1
RUN-006019,1
RUN-006020,1
RUN-006021,1
RUN-006022,1
RUN-006023,1
RUN-006024,1
RUN-006025,1
RUN-006026,1
RUN-006027,1
RUN-006028,1
RUN-006029,1
RUN-006030,1
RUN-006031,1
RUN-006032,0
RUN-006033,1
RUN-006034,1
RUN-006035,1
RUN-006036,1
RUN-006037,1
RUN-006038,1
RUN-006039,1
RUN-006040,1
RUN-006041,1
RUN-006042,1
RUN-006043,1
RUN-006044,1
RUN-006045,1
RUN-006046,1
RUN-006047,1
RUN-006048,0
RUN-006049,1
RUN-006050,1
RUN-006051,1
RUN-006052,1
RUN-006053,1
RUN-006054,1
RUN-006055,1
RUN-006056,1
RUN-006057,1
RUN-006058,1
RUN-006059,1
RUN-006060,0
RUN-006061,1
RUN-006062,1
RUN-006063,1
RUN-006064,1
RUN-006065,1
RUN-006066,1
RUN-006067,1
RUN-006068,1
RUN-006069,1
RUN-006070,1
RUN-006071,1
RUN-006072,1
RUN-006073,1
RUN-006074,1
RUN-006075,1
RUN-006076,1
RUN-006077,1
RUN-006078,1
RUN-006079,1
RUN-006080,1
RUN-006081,1
RUN-006082,1
RUN-006083,1
RUN-006084,0
RUN-006085,1
RUN-006086,1
RUN-006087,1
RUN-006088,1
RUN-006089,1
RUN-006090,1
RUN-006091,1
RUN-006092,1
RUN-006093,1
RUN-006094,1
RUN-006095,1
RUN-006096,1
RUN-006097,1
RUN-006098,1
RUN-006099,1
RUN-006100,1
RUN-006101,1
RUN-006102,1
RUN-006103,1
RUN-006104,1
RUN-006105,1
RUN-006106,1
RUN-006107,1
RUN-006108,1
RUN-006109,1
RUN-006110,1
RUN-006111,1
RUN-006112,1
RUN-006113,1
RUN-006114,1
RUN-006115,1
RUN-006116,1
RUN-006117,1
RUN-006118,1
RUN-006119,1
RUN-006120,1
RUN-006121,1
RUN-006122,1
RUN-006123,1
RUN-006124,1
RUN-006125,1
RUN-006126,1
RUN-006127,1
RUN-006128,1
RUN-006129,1
RUN-006130,1
RUN-006131,1
RUN-006132,1
RUN-006133,1
RUN-006134,1
RUN-006135,1
RUN-006136,1
RUN-006137,1
RUN-006138,1
RUN-006139,1
RUN-006140,1
RUN-006141,1
RUN-006142,1
RUN-006143,1
RUN-006144,1
RUN-006145,1
RUN-006146,1
RUN-006147,1
RUN-006148,1
RUN-006149,1
RUN-006150,1
RUN-006151,1
RUN-006152,1
RUN-006153,1
RUN-006154,0
RUN-006155,1
RUN-006156,1
RUN-006157,1
RUN-006158,1
RUN-006159,1
RUN-006160,1
RUN-006161,1
RUN-006162,1
RUN-006163,1
RUN-006164,1
RUN-006165,1
RUN-006166,1
RUN-006167,1
RUN-006168,1
RUN-006169,1
RUN-006170,1
RUN-006171,1
RUN-006172,1
RUN-006173,1
RUN-006174,1
RUN-006175,1
RUN-006176,1
RUN-006177,1
RUN-006178,0
RUN-006179,1
RUN-006180,1
RUN-006181,1
RUN-006182,1
RUN-006183,1
RUN-006184,0
RUN-006185,1
RUN-006186,1
RUN-006187,1
RUN-006188,1
RUN-006189,1
RUN-006190,1
RUN-006191,1
RUN-006192,1
RUN-006193,1
RUN-006194,1
RUN-006195,1
RUN-006196,1
RUN-006197,1
RUN-006198,1
RUN-006199,1
RUN-006200,1
RUN-006201,1
RUN-006202,1
RUN-006203,1
RUN-006204,1
RUN-006205,1
RUN-006206,1
RUN-006207,1
RUN-006208,1
RUN-006209,1
RUN-006210,1
RUN-006211,1
RUN-006212,0
RUN-006213,1
RUN-006214,1
RUN-006215,1
RUN-006216,1
RUN-006217,1
RUN-006218,1
RUN-006219,1
RUN-006220,1
RUN-006221,1
RUN-006222,1
RUN-006223,1
RUN-006224,1
RUN-006225,1
RUN-006226,1
RUN-006227,1
RUN-006228,1
RUN-006229,1
RUN-006230,1
RUN-006231,1
RUN-006232,0
RUN-006233,1
RUN-006234,1
RUN-006235,1
RUN-006236,1
RUN-006237,1
RUN-006238,1
RUN-006239,1
RUN-006240,1
RUN-006241,1
RUN-006242,1
RUN-006243,1
RUN-006244,1
RUN-006245,1
RUN-006246,1
RUN-006247,1
RUN-006248,1
RUN-006249,1
RUN-006250,1
RUN-006251,1
RUN-006252,1
RUN-006253,1
RUN-006254,1
RUN-006255,1
RUN-006256,1
RUN-006257,1
RUN-006258,1
RUN-006259,1
RUN-006260,1
RUN-006261,1
RUN-006262,1
RUN-006263,1
RUN-006264,1
RUN-006265,1
RUN-006266,1
RUN-006267,1
RUN-006268,1
RUN-006269,1
RUN-006270,1
RUN-006271,1
RUN-006272,1
RUN-006273,1
RUN-006274,1
RUN-006275,1
RUN-006276,1
RUN-006277,1
RUN-006278,1
RUN-006279,1
RUN-006280,0
RUN-006281,1
RUN-006282,0
RUN-006283,1
RUN-006284,1
RUN-006285,1
RUN-006286,1
RUN-006287,1
RUN-006288,1
RUN-006289,1
RUN-006290,1
RUN-006291,1
RUN-006292,1
RUN-006293,1
RUN-006294,1
RUN-006295,1
RUN-006296,1
RUN-006297,1
RUN-006298,1
RUN-006299,1
RUN-006300,1
RUN-006301,1
RUN-006302,1
RUN-006303,1
RUN-006304,1
RUN-006305,1
RUN-006306,1
RUN-006307,1
RUN-006308,1
RUN-006309,1
RUN-006310,1
RUN-006311,1
RUN-006312,1
RUN-006313,1
RUN-006314,1
RUN-006315,1
RUN-006316,1
RUN-006317,1
RUN-006318,1
RUN-006319,1
RUN-006320,1
RUN-006321,1
RUN-006322,1
RUN-006323,1
RUN-006324,1
RUN-006325,1
RUN-006326,1
RUN-006327,1
RUN-006328,1
RUN-006329,1
RUN-006330,1
RUN-006331,1
RUN-006332,1
RUN-006333,1
RUN-006334,1
RUN-006335,1
RUN-006336,1
RUN-006337,1
RUN-006338,1
RUN-006339,1
RUN-006340,1
RUN-006341,1
RUN-006342,1
RUN-006343,1
RUN-006344,1
RUN-006345,1
RUN-006346,1
RUN-006347,1
RUN-006348,1
RUN-006349,1
RUN-006350,1
RUN-006351,1
RUN-006352,1
RUN-006353,1
RUN-006354,1
RUN-006355,1
RUN-006356,1
RUN-006357,1
RUN-006358,1
RUN-006359,1
RUN-006360,1
RUN-006361,1
RUN-006362,1
RUN-006363,1
RUN-006364,0
RUN-006365,1
RUN-006366,1
RUN-006367,1
RUN-006368,1
RUN-006369,1
RUN-006370,1
RUN-006371,1
RUN-006372,1
RUN-006373,1
RUN-006374,1
RUN-006375,1
RUN-006376,1
RUN-006377,1
RUN-006378,1
RUN-006379,1
RUN-006380,1
RUN-006381,1
RUN-006382,1
RUN-006383,1
RUN-006384,1
RUN-006385,1
RUN-006386,1
RUN-006387,0
RUN-006388,1
RUN-006389,1
RUN-006390,1
RUN-006391,1
RUN-006392,1
RUN-006393,0
RUN-006394,1
RUN-006395,1
RUN-006396,1
RUN-006397,1
RUN-006398,1
RUN-006399,1
RUN-006400,1
RUN-006401,1
RUN-006402,1
RUN-006403,1
RUN-006404,1
RUN-006405,0
RUN-006406,1
RUN-006407,1
RUN-006408,1
RUN-006409,1
RUN-006410,1
RUN-006411,1
RUN-006412,1
RUN-006413,1
RUN-006414,1
RUN-006415,1
RUN-006416,1
RUN-006417,1
RUN-006418,1
RUN-006419,1
RUN-006420,1
RUN-006421,1
RUN-006422,1
RUN-006423,1
RUN-006424,1
RUN-006425,1
RUN-006426,1
RUN-006427,0
RUN-006428,1
RUN-006429,1
RUN-006430,1
RUN-006431,1
RUN-006432,1
RUN-006433,1
RUN-006434,1
RUN-006435,1
RUN-006436,1
RUN-006437,1
RUN-006438,1
RUN-006439,1
RUN-006440,1
RUN-006441,1
RUN-006442,1
RUN-006443,1
RUN-006444,1
RUN-006445,1
RUN-006446,1
RUN-006447,1
RUN-006448,1
RUN-006449,1
RUN-006450,1
RUN-006451,1
RUN-006452,1
RUN-006453,1
RUN-006454,1
RUN-006455,1
RUN-006456,1
RUN-006457,0
RUN-006458,1
RUN-006459,1
RUN-006460,1
RUN-006461,1
RUN-006462,1
RUN-006463,1
RUN-006464,1
RUN-006465,1
RUN-006466,1
RUN-006467,1
RUN-006468,1
RUN-006469,1
RUN-006470,1
RUN-006471,1
RUN-006472,1
RUN-006473,1
RUN-006474,1
RUN-006475,1
RUN-006476,1
RUN-006477,1
RUN-006478,1
RUN-006479,1
RUN-006480,1
RUN-006481,1
RUN-006482,1
RUN-006483,1
RUN-006484,1
RUN-006485,1
RUN-006486,1
RUN-006487,1
RUN-006488,1
RUN-006489,1
RUN-006490,1
RUN-006491,1
RUN-006492,1
RUN-006493,1
RUN-006494,1
RUN-006495,1
RUN-006496,1
RUN-006497,1
RUN-006498,1
RUN-006499,1
RUN-006500,1
RUN-006501,1
RUN-006502,1
RUN-006503,1
RUN-006504,1
RUN-006505,1
RUN-006506,1
RUN-006507,1
RUN-006508,1
RUN-006509,1
RUN-006510,1
RUN-006511,1
RUN-006512,1
RUN-006513,1
RUN-006514,1
RUN-006515,1
RUN-006516,1
RUN-006517,1
RUN-006518,1
RUN-006519,1
RUN-006520,1
RUN-006521,1
RUN-006522,0
RUN-006523,1
RUN-006524,1
RUN-006525,1
RUN-006526,1
RUN-006527,1
RUN-006528,1
RUN-006529,1
RUN-006530,1
RUN-006531,1
RUN-006532,1
RUN-006533,1
RUN-006534,1
RUN-006535,1
RUN-006536,1
RUN-006537,1
RUN-006538,1
RUN-006539,1
RUN-006540,0
RUN-006541,1
RUN-006542,1
RUN-006543,0
RUN-006544,1
RUN-006545,1
RUN-006546,1
RUN-006547,1
RUN-006548,1
RUN-006549,1
RUN-006550,1
RUN-006551,1
RUN-006552,1
RUN-006553,1
RUN-006554,1
RUN-006555,1
RUN-006556,1
RUN-006557,1
RUN-006558,1
RUN-006559,1
RUN-006560,1
RUN-006561,1
RUN-006562,1
RUN-006563,1
RUN-006564,1
RUN-006565,0
RUN-006566,1
RUN-006567,0
RUN-006568,1
RUN-006569,1
RUN-006570,1
RUN-006571,1
RUN-006572,1
RUN-006573,1
RUN-006574,1
RUN-006575,1
RUN-006576,1
RUN-006577,1
RUN-006578,1
RUN-006579,1
RUN-006580,1
RUN-006581,1
RUN-006582,1
RUN-006583,1
RUN-006584,1
RUN-006585,1
RUN-006586,1
RUN-006587,1
RUN-006588,1
RUN-006589,1
RUN-006590,1
RUN-006591,1
RUN-006592,1
RUN-006593,1
RUN-006594,1
RUN-006595,1
RUN-006596,1
RUN-006597,1
RUN-006598,1
RUN-006599,1
RUN-006600,1
RUN-006601,1
RUN-006602,0
RUN-006603,1
RUN-006604,1
RUN-006605,1
RUN-006606,1
RUN-006607,1
RUN-006608,1
RUN-006609,1
RUN-006610,1
RUN-006611,1
RUN-006612,1
RUN-006613,1
RUN-006614,1
RUN-006615,1
RUN-006616,1
RUN-006617,1
RUN-006618,1
RUN-006619,1
RUN-006620,1
RUN-006621,1
RUN-006622,1
RUN-006623,1
RUN-006624,1
RUN-006625,1
RUN-006626,1
RUN-006627,1
RUN-006628,1
RUN-006629,1
RUN-006630,1
RUN-006631,1
RUN-006632,1
RUN-006633,1
RUN-006634,1
RUN-006635,1
RUN-006636,1
RUN-006637,1
RUN-006638,1
RUN-006639,1
RUN-006640,1
RUN-006641,1
RUN-006642,1
RUN-006643,1
RUN-006644,1
RUN-006645,0
RUN-006646,1
RUN-006647,1
RUN-006648,1
RUN-006649,1
RUN-006650,1
RUN-006651,1
RUN-006652,1
RUN-006653,1
RUN-006654,1
RUN-006655,1
RUN-006656,1
RUN-006657,1
RUN-006658,1
RUN-006659,1
RUN-006660,1
RUN-006661,1
RUN-006662,1
RUN-006663,1
RUN-006664,1
RUN-006665,1
RUN-006666,1
RUN-006667,1
RUN-006668,1
RUN-006669,1
RUN-006670,1
RUN-006671,1
RUN-006672,1
RUN-006673,1
RUN-006674,1
RUN-006675,1
RUN-006676,0
RUN-006677,1
RUN-006678,1
RUN-006679,1
RUN-006680,1
RUN-006681,1
RUN-006682,1
RUN-006683,1
RUN-006684,1
RUN-006685,1
RUN-006686,1
RUN-006687,1
RUN-006688,1
RUN-006689,1
RUN-006690,1
RUN-006691,1
RUN-006692,1
RUN-006693,1
RUN-006694,1
RUN-006695,1
RUN-006696,1
RUN-006697,1
RUN-006698,1
RUN-006699,1
RUN-006700,1
RUN-006701,1
RUN-006702,1
RUN-006703,1
RUN-006704,1
RUN-006705,1
RUN-006706,1
RUN-006707,1
RUN-006708,1
RUN-006709,1
RUN-006710,1
RUN-006711,1
RUN-006712,1
RUN-006713,1
RUN-006714,1
RUN-006715,1
RUN-006716,1
RUN-006717,1
RUN-006718,1
RUN-006719,1
RUN-006720,1
RUN-006721,1
RUN-006722,1
RUN-006723,1
RUN-006724,1
RUN-006725,1
RUN-006726,1
RUN-006727,1
RUN-006728,1
RUN-006729,1
RUN-006730,1
RUN-006731,1
RUN-006732,1
RUN-006733,1
RUN-006734,1
RUN-006735,1
RUN-006736,1
RUN-006737,1
RUN-006738,1
RUN-006739,1
RUN-006740,1
RUN-006741,1
RUN-006742,1
RUN-006743,1
RUN-006744,1
RUN-006745,1
RUN-006746,1
RUN-006747,0
RUN-006748,1
RUN-006749,1
RUN-006750,1
RUN-006751,1
RUN-006752,1
RUN-006753,1
RUN-006754,1
RUN-006755,1
RUN-006756,1
RUN-006757,1
RUN-006758,1
RUN-006759,1
RUN-006760,1
RUN-006761,1
RUN-006762,1
RUN-006763,1
RUN-006764,1
RUN-006765,1
RUN-006766,1
RUN-006767,1
RUN-006768,1
RUN-006769,1
RUN-006770,1
RUN-006771,1
RUN-006772,1
RUN-006773,1
RUN-006774,1
RUN-006775,1
RUN-006776,1
RUN-006777,1
RUN-006778,1
RUN-006779,1
RUN-006780,1
RUN-006781,1
RUN-006782,1
RUN-006783,1
RUN-006784,1
RUN-006785,1
RUN-006786,1
RUN-006787,1
RUN-006788,1
RUN-006789,1
RUN-006790,1
RUN-006791,1
RUN-006792,1
RUN-006793,1
RUN-006794,1
RUN-006795,1
RUN-006796,1
RUN-006797,1
RUN-006798,1
RUN-006799,1
RUN-006800,1
RUN-006801,1
RUN-006802,1
RUN-006803,0
RUN-006804,1
RUN-006805,1
RUN-006806,1
RUN-006807,1
RUN-006808,1
RUN-006809,1
RUN-006810,1
RUN-006811,1
RUN-006812,1
RUN-006813,1
RUN-006814,1
RUN-006815,1
RUN-006816,1
RUN-006817,1
RUN-006818,1
RUN-006819,1
RUN-006820,1
RUN-006821,1
RUN-006822,1
RUN-006823,1
RUN-006824,1
RUN-006825,1
RUN-006826,1
RUN-006827,1
RUN-006828,1
RUN-006829,1
RUN-006830,1
RUN-006831,1
RUN-006832,1
RUN-006833,1
RUN-006834,1
RUN-006835,1
RUN-006836,1
RUN-006837,1
RUN-006838,1
RUN-006839,1
RUN-006840,1
RUN-006841,1
RUN-006842,1
RUN-006843,1
RUN-006844,1
RUN-006845,1
RUN-006846,1
RUN-006847,1
RUN-006848,1
RUN-006849,1
RUN-006850,1
RUN-006851,1
RUN-006852,1
RUN-006853,1
RUN-006854,1
RUN-006855,1
RUN-006856,1
RUN-006857,1
RUN-006858,1
RUN-006859,1
RUN-006860,1
RUN-006861,1
RUN-006862,1
RUN-006863,1
RUN-006864,1
RUN-006865,1
RUN-006866,1
RUN-006867,1
RUN-006868,1
RUN-006869,1
RUN-006870,1
RUN-006871,1
RUN-006872,1
RUN-006873,1
RUN-006874,1
RUN-006875,1
RUN-006876,1
RUN-006877,1
RUN-006878,1
RUN-006879,1
RUN-006880,1
RUN-006881,1
RUN-006882,1
RUN-006883,1
RUN-006884,1
RUN-006885,1
RUN-006886,1
RUN-006887,1
RUN-006888,1
RUN-006889,1
RUN-006890,1
RUN-006891,1
RUN-006892,1
RUN-006893,1
RUN-006894,0
RUN-006895,1
RUN-006896,1
RUN-006897,1
RUN-006898,1
RUN-006899,1
RUN-006900,1
RUN-006901,0
RUN-006902,1
RUN-006903,1
RUN-006904,1
RUN-006905,1
RUN-006906,1
RUN-006907,1
RUN-006908,1
RUN-006909,1
RUN-006910,1
RUN-006911,1
RUN-006912,1
RUN-006913,1
RUN-006914,1
RUN-006915,1
RUN-006916,1
RUN-006917,1
RUN-006918,0
RUN-006919,1
RUN-006920,1
RUN-006921,1
RUN-006922,1
RUN-006923,1
RUN-006924,1
RUN-006925,1
RUN-006926,1
RUN-006927,1
RUN-006928,1
RUN-006929,1
RUN-006930,1
RUN-006931,1
RUN-006932,1
RUN-006933,1
RUN-006934,1
RUN-006935,1
RUN-006936,1
RUN-006937,1
RUN-006938,1
RUN-006939,1
RUN-006940,1
RUN-006941,1
RUN-006942,0
RUN-006943,1
RUN-006944,1
RUN-006945,1
RUN-006946,1
RUN-006947,1
RUN-006948,1
RUN-006949,1
RUN-006950,1
RUN-006951,1
RUN-006952,1
RUN-006953,1
RUN-006954,1
RUN-006955,1
RUN-006956,1
RUN-006957,1
RUN-006958,1
RUN-006959,1
RUN-006960,1
RUN-006961,1
RUN-006962,1
RUN-006963,1
RUN-006964,1
RUN-006965,1
RUN-006966,1
RUN-006967,1
RUN-006968,1
RUN-006969,0
RUN-006970,1
RUN-006971,0
RUN-006972,1
RUN-006973,1
RUN-006974,1
RUN-006975,1
RUN-006976,1
RUN-006977,1
RUN-006978,1
RUN-006979,1
RUN-006980,1
RUN-006981,1
RUN-006982,1
RUN-006983,1
RUN-006984,1
RUN-006985,1
RUN-006986,1
RUN-006987,1
RUN-006988,1
RUN-006989,1
RUN-006990,1
RUN-006991,1
RUN-006992,1
RUN-006993,1
RUN-006994,1
RUN-006995,1
RUN-006996,1
RUN-006997,1
RUN-006998,1
RUN-006999,1
RUN-007000,1
RUN-007001,1
RUN-007002,1
RUN-007003,1
RUN-007004,1
RUN-007005,0
RUN-007006,1
RUN-007007,1
RUN-007008,1
RUN-007009,1
RUN-007010,1
RUN-007011,0
RUN-007012,1
RUN-007013,1
RUN-007014,1
RUN-007015,1
RUN-007016,1
RUN-007017,1
RUN-007018,1
RUN-007019,1
RUN-007020,1
RUN-007021,1
RUN-007022,1
RUN-007023,1
RUN-007024,1
RUN-007025,1
RUN-007026,1
RUN-007027,1
RUN-007028,1
RUN-007029,1
RUN-007030,1
RUN-007031,0
RUN-007032,1
RUN-007033,1
RUN-007034,1
RUN-007035,1
RUN-007036,1
RUN-007037,1
RUN-007038,1
RUN-007039,1
RUN-007040,1
RUN-007041,1
RUN-007042,1
RUN-007043,1
RUN-007044,1
RUN-007045,1
RUN-007046,1
RUN-007047,1
RUN-007048,1
RUN-007049,1
RUN-007050,1
RUN-007051,1
RUN-007052,1
RUN-007053,0
RUN-007054,1
RUN-007055,1
RUN-007056,1
RUN-007057,1
RUN-007058,1
RUN-007059,1
RUN-007060,1
RUN-007061,1
RUN-007062,1
RUN-007063,0
RUN-007064,1
RUN-007065,1
RUN-007066,1
RUN-007067,1
RUN-007068,1
RUN-007069,1
RUN-007070,1
RUN-007071,1
RUN-007072,1
RUN-007073,1
RUN-007074,1
RUN-007075,1
RUN-007076,1
RUN-007077,1
RUN-007078,1
RUN-007079,1
RUN-007080,1
RUN-007081,1
RUN-007082,1
RUN-007083,1
RUN-007084,1
RUN-007085,1
RUN-007086,1
RUN-007087,1
RUN-007088,1
RUN-007089,1
RUN-007090,1
RUN-007091,1
RUN-007092,1
RUN-007093,1
RUN-007094,1
RUN-007095,1
RUN-007096,1
RUN-007097,1
RUN-007098,1
RUN-007099,1
RUN-007100,1
RUN-007101,1
RUN-007102,1
RUN-007103,1
RUN-007104,1
RUN-007105,1
RUN-007106,1
RUN-007107,1
RUN-007108,0
RUN-007109,1
RUN-007110,1
RUN-007111,1
RUN-007112,1
RUN-007113,1
RUN-007114,1
RUN-007115,1
RUN-007116,1
RUN-007117,1
RUN-007118,1
RUN-007119,1
RUN-007120,1
RUN-007121,1
RUN-007122,1
RUN-007123,1
RUN-007124,1
RUN-007125,1
RUN-007126,1
RUN-007127,1
RUN-007128,1
RUN-007129,1
RUN-007130,1
RUN-007131,1
RUN-007132,1
RUN-007133,1
RUN-007134,1
RUN-007135,1
RUN-007136,1
RUN-007137,1
RUN-007138,1
RUN-007139,1
RUN-007140,1
RUN-007141,1
RUN-007142,1
RUN-007143,1
RUN-007144,1
RUN-007145,0
RUN-007146,1
RUN-007147,1
RUN-007148,1
RUN-007149,1
RUN-007150,1
RUN-007151,1
RUN-007152,1
RUN-007153,1
RUN-007154,1
RUN-007155,1
RUN-007156,1
RUN-007157,1
RUN-007158,1
RUN-007159,1
RUN-007160,1
RUN-007161,1
RUN-007162,1
RUN-007163,1
RUN-007164,0
RUN-007165,1
RUN-007166,1
RUN-007167,1
RUN-007168,1
RUN-007169,1
RUN-007170,1
RUN-007171,1
RUN-007172,1
RUN-007173,1
RUN-007174,1
RUN-007175,1
RUN-007176,1
RUN-007177,1
RUN-007178,1
RUN-007179,1
RUN-007180,1
RUN-007181,1
RUN-007182,1
RUN-007183,1
RUN-007184,1
RUN-007185,1
RUN-007186,1
RUN-007187,1
RUN-007188,1
RUN-007189,1
RUN-007190,1
RUN-007191,1
RUN-007192,1
RUN-007193,1
RUN-007194,1
RUN-007195,1
RUN-007196,1
RUN-007197,1
RUN-007198,1
RUN-007199,1
